s	pop	continental_pop	sex_karyotype
HG00096	gbr	nfe	XY
HG00097	gbr	nfe	XX
HG00099	gbr	nfe	XX
HG00100	gbr	nfe	XX
HG00101	gbr	nfe	XY
HG00102	gbr	nfe	XX
HG00103	gbr	nfe	XY
HG00105	gbr	nfe	XY
HG00106	gbr	nfe	XX
HG00107	gbr	nfe	XY
HG00108	gbr	nfe	XY
HG00109	gbr	nfe	XY
HG00110	gbr	nfe	XX
HG00111	gbr	nfe	XX
HG00112	gbr	nfe	XY
HG00113	gbr	nfe	XY
HG00114	gbr	nfe	XY
HG00115	gbr	nfe	XY
HG00116	gbr	nfe	XY
HG00117	gbr	nfe	XY
HG00118	gbr	nfe	XX
HG00119	gbr	nfe	XY
HG00120	gbr	nfe	XX
HG00121	gbr	nfe	XX
HG00122	gbr	nfe	XX
HG00123	gbr	nfe	XX
HG00125	gbr	nfe	XX
HG00126	gbr	nfe	XY
HG00127	gbr	nfe	XX
HG00128	gbr	nfe	XX
HG00129	gbr	nfe	XY
HG00130	gbr	nfe	XX
HG00131	gbr	nfe	XY
HG00132	gbr	nfe	XX
HG00133	gbr	nfe	XX
HG00136	gbr	nfe	XY
HG00137	gbr	nfe	XX
HG00138	gbr	nfe	XY
HG00139	gbr	nfe	XY
HG00140	gbr	nfe	XY
HG00141	gbr	nfe	XY
HG00142	gbr	nfe	XY
HG00143	gbr	nfe	XY
HG00145	gbr	nfe	XY
HG00146	gbr	nfe	XX
HG00148	gbr	nfe	XY
HG00149	gbr	nfe	XY
HG00150	gbr	nfe	XX
HG00151	gbr	nfe	XY
HG00155	gbr	nfe	XY
HG00157	gbr	nfe	XY
HG00158	gbr	nfe	XX
HG00159	gbr	nfe	XY
HG00160	gbr	nfe	XY
HG00171	fin	fin	XX
HG00173	fin	fin	XX
HG00174	fin	fin	XX
HG00176	fin	fin	XX
HG00177	fin	fin	XX
HG00178	fin	fin	XX
HG00179	fin	fin	XX
HG00180	fin	fin	XX
HG00181	fin	oth	XY
HG00182	fin	fin	XY
HG00183	fin	fin	XY
HG00185	fin	fin	XY
HG00186	fin	fin	XY
HG00187	fin	fin	XY
HG00188	fin	fin	XY
HG00189	fin	fin	XY
HG00190	fin	fin	XY
HG00231	gbr	nfe	XX
HG00232	gbr	nfe	XX
HG00233	gbr	nfe	XX
HG00234	gbr	nfe	XY
HG00235	gbr	nfe	XX
HG00236	gbr	nfe	XX
HG00237	gbr	nfe	XX
HG00238	gbr	nfe	XX
HG00239	gbr	nfe	XX
HG00240	gbr	nfe	XX
HG00242	gbr	nfe	XY
HG00243	gbr	nfe	XY
HG00244	gbr	nfe	XY
HG00245	gbr	nfe	XX
HG00246	gbr	nfe	XY
HG00250	gbr	nfe	XX
HG00251	gbr	nfe	XY
HG00252	gbr	nfe	XY
HG00253	gbr	nfe	XX
HG00254	gbr	nfe	XX
HG00255	gbr	nfe	XX
HG00256	gbr	nfe	XY
HG00257	gbr	nfe	XX
HG00258	gbr	nfe	XX
HG00259	gbr	nfe	XX
HG00260	gbr	nfe	XY
HG00261	gbr	nfe	XX
HG00262	gbr	nfe	XX
HG00263	gbr	nfe	XX
HG00264	gbr	nfe	XY
HG00265	gbr	nfe	XY
HG00266	fin	fin	XX
HG00267	fin	fin	XY
HG00268	fin	fin	XX
HG00269	fin	fin	XX
HG00271	fin	fin	XY
HG00272	fin	fin	XX
HG00273	fin	fin	XY
HG00274	fin	fin	XX
HG00275	fin	fin	XX
HG00276	fin	fin	XX
HG00277	fin	nfe	XY
HG00278	fin	fin	XY
HG00280	fin	fin	XY
HG00281	fin	fin	XX
HG00282	fin	fin	XX
HG00284	fin	fin	XY
HG00285	fin	fin	XX
HG00288	fin	fin	XX
HG00290	fin	fin	XY
HG00304	fin	fin	XX
HG00306	fin	fin	XX
HG00308	fin	fin	XY
HG00309	fin	fin	XX
HG00310	fin	fin	XY
HG00311	fin	fin	XY
HG00313	fin	fin	XX
HG00315	fin	fin	XX
HG00318	fin	fin	XX
HG00319	fin	fin	XX
HG00320	fin	fin	XX
HG00321	fin	fin	XY
HG00323	fin	fin	XX
HG00324	fin	fin	XX
HG00325	fin	fin	XY
HG00326	fin	fin	XX
HG00327	fin	fin	XX
HG00328	fin	fin	XX
HG00329	fin	fin	XY
HG00330	fin	fin	XX
HG00331	fin	fin	XX
HG00332	fin	fin	XX
HG00334	fin	fin	XX
HG00335	fin	fin	XY
HG00336	fin	fin	XY
HG00337	fin	fin	XX
HG00338	fin	fin	XY
HG00339	fin	fin	XX
HG00341	fin	oth	XY
HG00342	fin	fin	XY
HG00343	fin	fin	XX
HG00344	fin	nfe	XX
HG00345	fin	fin	XY
HG00346	fin	fin	XX
HG00349	fin	fin	XX
HG00350	fin	nfe	XX
HG00351	fin	fin	XY
HG00353	fin	fin	XX
HG00355	fin	fin	XX
HG00356	fin	fin	XX
HG00357	fin	fin	XX
HG00358	fin	fin	XY
HG00360	fin	fin	XY
HG00362	fin	fin	XX
HG00364	fin	fin	XX
HG00365	fin	fin	XX
HG00366	fin	fin	XY
HG00367	fin	fin	XX
HG00368	fin	fin	XX
HG00369	fin	fin	XY
HG00371	fin	fin	XY
HG00372	fin	fin	XY
HG00373	fin	fin	XX
HG00375	fin	fin	XY
HG00376	fin	fin	XX
HG00378	fin	fin	XX
HG00379	fin	fin	XX
HG00380	fin	nfe	XX
HG00381	fin	fin	XX
HG00382	fin	fin	XY
HG00383	fin	fin	XX
HG00384	fin	fin	XX
HG00404	chs	eas	XX
HG00406	chs	eas	XY
HG00407	chs	eas	XX
HG00408	chs	eas	XX
HG00409	chs	eas	XY
HG00410	chs	eas	XX
HG00418	chs	eas	XY
HG00419	chs	eas	XX
HG00420	chs	eas	XY
HG00421	chs	eas	XY
HG00422	chs	eas	XX
HG00423	chs	eas	XX
HG00427	chs	eas	XY
HG00428	chs	eas	XX
HG00429	chs	eas	XY
HG00436	chs	eas	XY
HG00437	chs	eas	XX
HG00438	chs	eas	XX
HG00442	chs	eas	XY
HG00443	chs	eas	XX
HG00444	chs	eas	XY
HG00445	chs	eas	XY
HG00446	chs	eas	XX
HG00447	chs	eas	XX
HG00448	chs	eas	XY
HG00449	chs	eas	XX
HG00450	chs	eas	XX
HG00457	chs	eas	XY
HG00458	chs	eas	XX
HG00459	chs	eas	XY
HG00463	chs	eas	XY
HG00464	chs	eas	XX
HG00465	chs	eas	XY
HG00472	chs	eas	XY
HG00473	chs	eas	XX
HG00474	chs	eas	XY
HG00475	chs	eas	XY
HG00476	chs	eas	XX
HG00477	chs	eas	XY
HG00478	chs	eas	XY
HG00479	chs	eas	XX
HG00480	chs	eas	XY
HG00500	chs	eas	XY
HG00501	chs	eas	XX
HG00502	chs	eas	XY
HG00524	chs	eas	XY
HG00525	chs	eas	XX
HG00526	chs	eas	XY
HG00530	chs	eas	XY
HG00531	chs	eas	XX
HG00532	chs	eas	XY
HG00533	chs	eas	XY
HG00534	chs	eas	XX
HG00535	chs	eas	XY
HG00536	chs	eas	XY
HG00537	chs	eas	XX
HG00538	chs	eas	XY
HG00542	chs	eas	XY
HG00543	chs	eas	XX
HG00544	chs	eas	XX
HG00551	pur	amr	XX
HG00552	pur	amr	XY
HG00553	pur	amr	XY
HG00554	pur	amr	XX
HG00555	pur	amr	XX
HG00556	chs	eas	XY
HG00557	chs	eas	XX
HG00558	chs	eas	XX
HG00559	chs	eas	XY
HG00560	chs	eas	XX
HG00561	chs	eas	XX
HG00565	chs	eas	XY
HG00566	chs	eas	XX
HG00567	chs	eas	XY
HG00577	chs	eas	XY
HG00578	chs	eas	XX
HG00579	chs	eas	XX
HG00580	chs	eas	XY
HG00581	chs	eas	XX
HG00582	chs	eas	XX
HG00583	chs	eas	XY
HG00584	chs	eas	XX
HG00585	chs	eas	XX
HG00589	chs	eas	XY
HG00590	chs	eas	XX
HG00591	chs	eas	XY
HG00592	chs	eas	XY
HG00593	chs	eas	XX
HG00594	chs	eas	XY
HG00595	chs	eas	XY
HG00596	chs	eas	XX
HG00597	chs	eas	XX
HG00598	chs	eas	XY
HG00599	chs	eas	XX
HG00607	chs	eas	XY
HG00608	chs	eas	XX
HG00609	chs	eas	XY
HG00610	chs	eas	XY
HG00611	chs	eas	XX
HG00612	chs	eas	XX
HG00613	chs	eas	XY
HG00614	chs	eas	XX
HG00615	chs	eas	XX
HG00619	chs	eas	XY
HG00620	chs	eas	XX
HG00621	chs	eas	XY
HG00622	chs	eas	XY
HG00623	chs	eas	XX
HG00625	chs	eas	XY
HG00626	chs	eas	XX
HG00627	chs	eas	XY
HG00628	chs	eas	XY
HG00629	chs	eas	XX
HG00630	chs	eas	XY
HG00631	chs	eas	XY
HG00632	chs	eas	XX
HG00634	chs	eas	XY
HG00635	chs	eas	XX
HG00636	chs	eas	XY
HG00637	pur	amr	XY
HG00638	pur	amr	XX
HG00639	pur	amr	XX
HG00640	pur	amr	XY
HG00641	pur	amr	XX
HG00642	pur	amr	XY
HG00650	chs	eas	XY
HG00651	chs	eas	XX
HG00652	chs	eas	XX
HG00653	chs	eas	XY
HG00654	chs	eas	XX
HG00655	chs	eas	XX
HG00656	chs	eas	XY
HG00657	chs	eas	XX
HG00658	chs	eas	XY
HG00662	chs	eas	XY
HG00663	chs	eas	XX
HG00664	chs	eas	XY
HG00671	chs	eas	XY
HG00672	chs	eas	XX
HG00673	chs	eas	XY
HG00674	chs	eas	XY
HG00675	chs	eas	XX
HG00683	chs	eas	XY
HG00684	chs	eas	XX
HG00685	chs	eas	XY
HG00689	chs	eas	XY
HG00690	chs	eas	XX
HG00691	chs	eas	XY
HG00692	chs	eas	XY
HG00693	chs	eas	XX
HG00694	chs	eas	XY
HG00698	chs	eas	XY
HG00699	chs	eas	XX
HG00700	chs	eas	XX
HG00701	chs	eas	XY
HG00702	chs	eas	XX
HG00703	chs	eas	XY
HG00704	chs	eas	XY
HG00705	chs	eas	XX
HG00706	chs	eas	XY
HG00707	chs	eas	XY
HG00708	chs	eas	XX
HG00709	chs	eas	XY
HG00717	chs	eas	XX
HG00728	chs	eas	XY
HG00729	chs	eas	XX
HG00734	pur	amr	XX
HG00735	pur	amr	XX
HG00739	pur	amr	XY
HG00740	pur	amr	XX
HG00741	pur	amr	XX
HG00742	pur	amr	XY
HG00743	pur	amr	XX
HG00759	cdx	eas	XX
HG00766	cdx	eas	XX
HG00844	cdx	eas	XY
HG00851	cdx	eas	XX
HG00864	cdx	eas	XX
HG00867	cdx	eas	XX
HG00879	cdx	eas	XX
HG00881	cdx	eas	XY
HG00956	cdx	eas	XX
HG00978	cdx	eas	XX
HG00982	cdx	eas	XY
HG01028	cdx	eas	XY
HG01029	cdx	eas	XX
HG01031	cdx	eas	XY
HG01046	cdx	eas	XX
HG01047	pur	amr	XY
HG01048	pur	amr	XY
HG01049	pur	amr	XX
HG01050	pur	amr	XX
HG01051	pur	amr	XY
HG01052	pur	amr	XX
HG01054	pur	amr	XY
HG01055	pur	amr	XX
HG01056	pur	amr	XY
HG01058	pur	amr	XX
HG01060	pur	amr	XY
HG01061	pur	amr	XX
HG01062	pur	amr	XX
HG01063	pur	oth	XY
HG01064	pur	amr	XX
HG01066	pur	amr	XY
HG01067	pur	amr	XX
HG01068	pur	amr	XX
HG01069	pur	amr	XY
HG01070	pur	amr	XX
HG01071	pur	amr	XX
HG01072	pur	amr	XY
HG01073	pur	amr	XX
HG01074	pur	amr	XY
HG01075	pur	amr	XY
HG01077	pur	amr	XX
HG01079	pur	amr	XY
HG01080	pur	amr	XX
HG01081	pur	amr	XX
HG01082	pur	amr	XY
HG01083	pur	amr	XX
HG01084	pur	amr	XX
HG01085	pur	amr	XY
HG01087	pur	amr	XX
HG01088	pur	amr	XY
HG01089	pur	amr	XX
HG01092	pur	amr	XX
HG01094	pur	amr	XY
HG01095	pur	amr	XX
HG01096	pur	amr	XY
HG01097	pur	amr	XY
HG01098	pur	amr	XX
HG01099	pur	amr	XY
HG01100	pur	amr	XX
HG01101	pur	amr	XY
HG01102	pur	amr	XX
HG01103	pur	amr	XX
HG01104	pur	amr	XY
HG01105	pur	amr	XX
HG01106	pur	amr	XY
HG01107	pur	amr	XY
HG01108	pur	afr	XX
HG01109	pur	amr	XY
HG01110	pur	amr	XY
HG01111	pur	amr	XX
HG01112	clm	amr	XY
HG01113	clm	amr	XX
HG01114	clm	amr	XX
HG01119	clm	amr	XX
HG01121	clm	amr	XY
HG01122	clm	amr	XX
HG01124	clm	amr	XY
HG01125	clm	amr	XX
HG01126	clm	amr	XY
HG01130	clm	amr	XY
HG01131	clm	amr	XX
HG01133	clm	amr	XY
HG01134	clm	amr	XX
HG01135	clm	amr	XY
HG01139	clm	amr	XY
HG01140	clm	amr	XX
HG01141	clm	amr	XX
HG01142	clm	amr	XY
HG01148	clm	amr	XY
HG01149	clm	amr	XX
HG01150	clm	amr	XX
HG01161	pur	amr	XY
HG01162	pur	amr	XX
HG01164	pur	amr	XY
HG01167	pur	amr	XY
HG01168	pur	amr	XX
HG01169	pur	amr	XX
HG01170	pur	amr	XY
HG01171	pur	amr	XX
HG01172	pur	amr	XY
HG01173	pur	amr	XY
HG01174	pur	amr	XX
HG01175	pur	amr	XX
HG01176	pur	amr	XY
HG01177	pur	amr	XX
HG01178	pur	amr	XY
HG01182	pur	amr	XY
HG01183	pur	amr	XX
HG01184	pur	amr	XX
HG01187	pur	amr	XY
HG01188	pur	amr	XX
HG01189	pur	amr	XY
HG01190	pur	amr	XY
HG01191	pur	amr	XX
HG01192	pur	amr	XY
HG01197	pur	amr	XY
HG01198	pur	amr	XX
HG01199	pur	amr	XY
HG01200	pur	amr	XY
HG01204	pur	amr	XY
HG01205	pur	amr	XX
HG01206	pur	amr	XY
HG01241	pur	afr	XY
HG01242	pur	afr	XX
HG01243	pur	afr	XY
HG01247	pur	amr	XY
HG01248	pur	amr	XX
HG01249	pur	amr	XX
HG01250	clm	amr	XY
HG01251	clm	amr	XX
HG01252	clm	amr	XY
HG01253	clm	amr	XY
HG01254	clm	amr	XX
HG01255	clm	amr	XY
HG01256	clm	amr	XY
HG01257	clm	amr	XX
HG01258	clm	amr	XY
HG01259	clm	amr	XY
HG01260	clm	amr	XX
HG01261	clm	amr	XY
HG01269	clm	amr	XX
HG01271	clm	amr	XY
HG01272	clm	amr	XX
HG01273	clm	amr	XY
HG01274	clm	amr	XY
HG01275	clm	amr	XX
HG01276	clm	amr	XX
HG01277	clm	amr	XY
HG01278	clm	amr	XX
HG01279	clm	amr	XX
HG01280	clm	amr	XY
HG01281	clm	amr	XX
HG01284	clm	amr	XX
HG01286	pur	amr	XY
HG01302	pur	amr	XY
HG01303	pur	amr	XX
HG01305	pur	amr	XY
HG01308	pur	amr	XY
HG01311	pur	amr	XY
HG01312	pur	amr	XX
HG01323	pur	amr	XX
HG01325	pur	amr	XY
HG01326	pur	amr	XX
HG01334	gbr	nfe	XY
HG01341	clm	amr	XY
HG01342	clm	amr	XX
HG01343	clm	amr	XX
HG01344	clm	amr	XY
HG01345	clm	amr	XX
HG01346	clm	amr	XX
HG01347	clm	amr	XY
HG01348	clm	amr	XX
HG01349	clm	amr	XX
HG01353	clm	amr	XY
HG01354	clm	amr	XX
HG01355	clm	amr	XX
HG01356	clm	amr	XY
HG01357	clm	amr	XX
HG01358	clm	amr	XY
HG01359	clm	amr	XY
HG01360	clm	amr	XX
HG01361	clm	amr	XX
HG01362	clm	amr	XY
HG01363	clm	amr	XX
HG01365	clm	amr	XY
HG01367	clm	amr	XX
HG01369	clm	amr	XX
HG01372	clm	amr	XX
HG01374	clm	amr	XY
HG01375	clm	amr	XX
HG01376	clm	amr	XX
HG01377	clm	amr	XY
HG01378	clm	amr	XX
HG01379	clm	amr	XX
HG01383	clm	amr	XY
HG01384	clm	amr	XX
HG01385	clm	amr	XX
HG01389	clm	amr	XY
HG01390	clm	amr	XX
HG01391	clm	amr	XX
HG01392	pur	amr	XY
HG01393	pur	amr	XX
HG01395	pur	amr	XY
HG01396	pur	amr	XX
HG01398	pur	amr	XY
HG01402	pur	amr	XY
HG01403	pur	amr	XX
HG01405	pur	amr	XY
HG01412	pur	amr	XY
HG01413	pur	amr	XY
HG01414	pur	amr	XX
HG01431	clm	amr	XY
HG01432	clm	amr	XX
HG01433	clm	amr	XY
HG01435	clm	amr	XX
HG01437	clm	amr	XY
HG01438	clm	oth	XX
HG01439	clm	amr	XX
HG01440	clm	amr	XY
HG01441	clm	amr	XX
HG01443	clm	amr	XY
HG01444	clm	amr	XX
HG01447	clm	amr	XX
HG01455	clm	amr	XY
HG01456	clm	amr	XX
HG01457	clm	amr	XY
HG01459	clm	amr	XX
HG01461	clm	amr	XY
HG01462	clm	amr	XX
HG01463	clm	amr	XX
HG01464	clm	amr	XY
HG01465	clm	amr	XX
HG01466	clm	amr	XX
HG01468	clm	amr	XX
HG01474	clm	amr	XX
HG01479	clm	amr	XY
HG01485	clm	amr	XY
HG01486	clm	amr	XX
HG01488	clm	amr	XY
HG01489	clm	amr	XX
HG01490	clm	amr	XX
HG01491	clm	amr	XY
HG01492	clm	amr	XX
HG01493	clm	amr	XX
HG01494	clm	amr	XY
HG01495	clm	amr	XX
HG01496	clm	amr	XX
HG01497	clm	amr	XY
HG01498	clm	amr	XX
HG01499	clm	amr	XY
HG01500	ibs	nfe	XY
HG01501	ibs	nfe	XX
HG01502	ibs	nfe	XY
HG01503	ibs	nfe	XY
HG01504	ibs	nfe	XX
HG01505	ibs	nfe	XY
HG01506	ibs	nfe	XY
HG01507	ibs	nfe	XX
HG01508	ibs	nfe	XY
HG01509	ibs	nfe	XY
HG01510	ibs	nfe	XX
HG01511	ibs	nfe	XX
HG01512	ibs	nfe	XY
HG01513	ibs	nfe	XX
HG01514	ibs	nfe	XX
HG01515	ibs	nfe	XY
HG01516	ibs	nfe	XX
HG01517	ibs	nfe	XX
HG01518	ibs	nfe	XY
HG01519	ibs	nfe	XX
HG01520	ibs	nfe	XX
HG01521	ibs	nfe	XY
HG01522	ibs	nfe	XX
HG01523	ibs	nfe	XY
HG01524	ibs	nfe	XY
HG01525	ibs	nfe	XX
HG01526	ibs	nfe	XY
HG01527	ibs	nfe	XY
HG01528	ibs	nfe	XX
HG01529	ibs	nfe	XY
HG01530	ibs	nfe	XY
HG01531	ibs	nfe	XX
HG01536	ibs	nfe	XY
HG01537	ibs	nfe	XX
HG01538	ibs	nfe	XX
HG01550	clm	amr	XY
HG01551	clm	amr	XX
HG01552	clm	amr	XY
HG01556	clm	amr	XY
HG01565	pel	amr	XY
HG01566	pel	amr	XX
HG01567	pel	amr	XX
HG01571	pel	amr	XY
HG01572	pel	amr	XX
HG01573	pel	amr	XX
HG01577	pel	amr	XY
HG01578	pel	amr	XX
HG01579	pel	amr	XY
HG01583	pjl	sas	XY
HG01586	pjl	sas	XY
HG01589	pjl	sas	XY
HG01593	pjl	sas	XX
HG01595	khv	eas	XX
HG01596	khv	eas	XY
HG01597	khv	eas	XX
HG01598	khv	eas	XX
HG01599	khv	eas	XX
HG01600	khv	eas	XX
HG01601	ibs	nfe	XY
HG01602	ibs	nfe	XX
HG01603	ibs	nfe	XY
HG01604	ibs	nfe	XX
HG01605	ibs	nfe	XX
HG01606	ibs	nfe	XY
HG01607	ibs	nfe	XX
HG01608	ibs	nfe	XY
HG01609	ibs	nfe	XY
HG01610	ibs	nfe	XY
HG01611	ibs	nfe	XY
HG01612	ibs	nfe	XX
HG01613	ibs	nfe	XX
HG01614	ibs	nfe	XX
HG01615	ibs	nfe	XY
HG01616	ibs	nfe	XX
HG01617	ibs	nfe	XY
HG01618	ibs	nfe	XX
HG01619	ibs	nfe	XY
HG01620	ibs	nfe	XX
HG01621	ibs	nfe	XY
HG01622	ibs	nfe	XX
HG01623	ibs	nfe	XX
HG01624	ibs	nfe	XY
HG01625	ibs	nfe	XY
HG01626	ibs	nfe	XX
HG01627	ibs	nfe	XY
HG01628	ibs	nfe	XX
HG01629	ibs	nfe	XY
HG01630	ibs	nfe	XY
HG01631	ibs	nfe	XY
HG01632	ibs	nfe	XX
HG01633	ibs	nfe	XY
HG01667	ibs	nfe	XY
HG01668	ibs	nfe	XX
HG01669	ibs	nfe	XY
HG01670	ibs	nfe	XX
HG01671	ibs	nfe	XY
HG01672	ibs	nfe	XY
HG01673	ibs	nfe	XX
HG01674	ibs	nfe	XY
HG01675	ibs	nfe	XY
HG01676	ibs	nfe	XX
HG01677	ibs	nfe	XX
HG01678	ibs	nfe	XY
HG01679	ibs	nfe	XX
HG01680	ibs	nfe	XY
HG01681	ibs	nfe	XX
HG01682	ibs	nfe	XY
HG01684	ibs	nfe	XX
HG01685	ibs	nfe	XX
HG01686	ibs	nfe	XY
HG01687	ibs	nfe	XX
HG01694	ibs	nfe	XY
HG01695	ibs	nfe	XX
HG01696	ibs	nfe	XY
HG01697	ibs	nfe	XX
HG01698	ibs	nfe	XY
HG01699	ibs	nfe	XY
HG01700	ibs	nfe	XY
HG01701	ibs	nfe	XY
HG01702	ibs	nfe	XX
HG01703	ibs	nfe	XY
HG01704	ibs	nfe	XX
HG01705	ibs	nfe	XY
HG01706	ibs	nfe	XX
HG01707	ibs	nfe	XX
HG01708	ibs	nfe	XY
HG01709	ibs	nfe	XY
HG01710	ibs	nfe	XX
HG01711	ibs	nfe	XX
HG01746	ibs	nfe	XX
HG01747	ibs	nfe	XY
HG01748	ibs	nfe	XY
HG01755	ibs	nfe	XX
HG01756	ibs	nfe	XY
HG01757	ibs	nfe	XX
HG01761	ibs	nfe	XY
HG01762	ibs	nfe	XX
HG01763	ibs	nfe	XX
HG01765	ibs	nfe	XY
HG01766	ibs	nfe	XX
HG01767	ibs	nfe	XY
HG01768	ibs	nfe	XX
HG01770	ibs	nfe	XX
HG01771	ibs	nfe	XY
HG01772	ibs	nfe	XX
HG01773	ibs	nfe	XX
HG01774	ibs	nfe	XY
HG01775	ibs	nfe	XY
HG01779	ibs	nfe	XX
HG01780	ibs	nfe	XY
HG01781	ibs	nfe	XY
HG01782	ibs	nfe	XX
HG01783	ibs	nfe	XY
HG01784	ibs	nfe	XX
HG01785	ibs	nfe	XY
HG01786	ibs	nfe	XX
HG01789	gbr	nfe	XY
HG01790	gbr	nfe	XX
HG01791	gbr	nfe	XY
HG01794	cdx	eas	XX
HG01795	cdx	eas	XX
HG01796	cdx	eas	XX
HG01797	cdx	eas	XX
HG01798	cdx	eas	XX
HG01799	cdx	eas	XX
HG01800	cdx	eas	XX
HG01801	cdx	eas	XX
HG01802	cdx	eas	XX
HG01804	cdx	eas	XX
HG01805	cdx	eas	XX
HG01806	cdx	eas	XX
HG01808	cdx	eas	XX
HG01809	cdx	eas	XX
HG01810	cdx	eas	XY
HG01811	cdx	eas	XY
HG01812	cdx	eas	XX
HG01813	cdx	eas	XX
HG01815	cdx	eas	XX
HG01816	cdx	eas	XY
HG01817	cdx	eas	XX
HG01840	khv	eas	XY
HG01841	khv	eas	XX
HG01842	khv	eas	XY
HG01843	khv	eas	XX
HG01844	khv	eas	XY
HG01845	khv	eas	XX
HG01846	khv	eas	XY
HG01847	khv	eas	XX
HG01848	khv	eas	XX
HG01849	khv	eas	XY
HG01850	khv	eas	XX
HG01851	khv	eas	XX
HG01852	khv	eas	XY
HG01853	khv	eas	XX
HG01855	khv	eas	XX
HG01857	khv	eas	XX
HG01858	khv	eas	XX
HG01859	khv	eas	XX
HG01860	khv	eas	XY
HG01861	khv	eas	XY
HG01862	khv	eas	XX
HG01863	khv	eas	XX
HG01864	khv	eas	XY
HG01865	khv	eas	XY
HG01866	khv	eas	XY
HG01867	khv	eas	XY
HG01868	khv	eas	XX
HG01869	khv	eas	XX
HG01870	khv	eas	XX
HG01871	khv	eas	XX
HG01872	khv	eas	XY
HG01873	khv	eas	XY
HG01874	khv	eas	XX
HG01878	khv	eas	XX
HG01879	acb	afr	XY
HG01881	acb	afr	XX
HG01882	acb	afr	XY
HG01883	acb	afr	XX
HG01885	acb	afr	XY
HG01886	acb	afr	XX
HG01887	acb	afr	XY
HG01888	acb	afr	XY
HG01892	pel	amr	XY
HG01893	pel	amr	XX
HG01894	acb	afr	XX
HG01895	acb	afr	XY
HG01896	acb	afr	XX
HG01897	acb	afr	XY
HG01898	pel	amr	XX
HG01912	acb	afr	XY
HG01914	acb	afr	XY
HG01915	acb	afr	XX
HG01916	acb	afr	XX
HG01920	pel	amr	XY
HG01921	pel	amr	XX
HG01922	pel	amr	XX
HG01923	pel	amr	XY
HG01924	pel	amr	XX
HG01925	pel	amr	XX
HG01926	pel	amr	XY
HG01927	pel	amr	XX
HG01928	pel	amr	XY
HG01932	pel	amr	XY
HG01933	pel	amr	XX
HG01934	pel	amr	XY
HG01935	pel	amr	XY
HG01936	pel	amr	XX
HG01937	pel	amr	XY
HG01938	pel	amr	XY
HG01939	pel	amr	XX
HG01940	pel	amr	XX
HG01941	pel	amr	XY
HG01942	pel	amr	XX
HG01943	pel	amr	XY
HG01944	pel	amr	XY
HG01945	pel	amr	XX
HG01946	pel	amr	XY
HG01947	pel	amr	XY
HG01948	pel	amr	XX
HG01949	pel	amr	XX
HG01950	pel	amr	XY
HG01951	pel	amr	XX
HG01952	pel	amr	XY
HG01953	pel	amr	XY
HG01954	pel	amr	XX
HG01955	pel	amr	XX
HG01956	acb	afr	XX
HG01958	acb	afr	XX
HG01959	acb	afr	XX
HG01960	acb	afr	XX
HG01961	pel	amr	XY
HG01965	pel	amr	XX
HG01967	pel	amr	XY
HG01968	pel	amr	XX
HG01969	pel	amr	XX
HG01970	pel	amr	XY
HG01971	pel	amr	XX
HG01972	pel	amr	XX
HG01973	pel	amr	XX
HG01974	pel	amr	XY
HG01975	pel	amr	XX
HG01976	pel	amr	XX
HG01977	pel	amr	XY
HG01978	pel	amr	XX
HG01979	pel	amr	XY
HG01980	pel	amr	XX
HG01981	pel	amr	XX
HG01982	pel	amr	XY
HG01983	pel	amr	XX
HG01984	pel	amr	XY
HG01985	acb	afr	XX
HG01986	acb	afr	XY
HG01987	acb	afr	XY
HG01988	acb	afr	XY
HG01989	acb	afr	XX
HG01990	acb	afr	XY
HG01991	pel	amr	XY
HG01992	pel	amr	XX
HG01993	pel	amr	XX
HG01997	pel	amr	XX
HG01998	pel	amr	XY
HG02002	pel	amr	XY
HG02003	pel	amr	XX
HG02004	pel	amr	XX
HG02006	pel	amr	XX
HG02008	pel	amr	XY
HG02009	acb	afr	XY
HG02010	acb	afr	XX
HG02011	acb	afr	XY
HG02012	acb	afr	XX
HG02013	acb	afr	XY
HG02014	acb	afr	XY
HG02015	khv	eas	XY
HG02016	khv	eas	XX
HG02017	khv	eas	XY
HG02018	khv	eas	XX
HG02019	khv	eas	XX
HG02020	khv	eas	XY
HG02023	khv	eas	XY
HG02024	khv	eas	XX
HG02025	khv	eas	XX
HG02026	khv	eas	XY
HG02027	khv	eas	XY
HG02028	khv	eas	XX
HG02029	khv	eas	XY
HG02030	khv	eas	XY
HG02031	khv	eas	XX
HG02032	khv	eas	XY
HG02035	khv	eas	XY
HG02040	khv	eas	XY
HG02047	khv	eas	XY
HG02048	khv	eas	XX
HG02049	khv	eas	XX
HG02050	khv	eas	XY
HG02051	acb	afr	XY
HG02052	acb	afr	XX
HG02053	acb	afr	XY
HG02054	acb	afr	XX
HG02055	acb	afr	XY
HG02056	khv	eas	XY
HG02057	khv	eas	XX
HG02058	khv	eas	XY
HG02064	khv	eas	XY
HG02067	khv	eas	XY
HG02071	khv	eas	XY
HG02072	khv	eas	XX
HG02073	khv	eas	XY
HG02074	khv	eas	XY
HG02075	khv	eas	XX
HG02076	khv	eas	XY
HG02077	khv	eas	XY
HG02078	khv	eas	XX
HG02079	khv	eas	XY
HG02080	khv	eas	XX
HG02081	khv	eas	XX
HG02082	khv	eas	XY
HG02083	khv	eas	XY
HG02084	khv	eas	XX
HG02085	khv	eas	XY
HG02086	khv	eas	XX
HG02087	khv	eas	XX
HG02088	khv	eas	XY
HG02089	pel	amr	XX
HG02090	pel	amr	XY
HG02091	pel	amr	XX
HG02095	acb	afr	XX
HG02102	pel	amr	XX
HG02104	pel	amr	XY
HG02105	pel	amr	XX
HG02106	pel	amr	XX
HG02107	acb	afr	XY
HG02108	acb	afr	XX
HG02111	acb	afr	XX
HG02113	khv	eas	XX
HG02116	khv	eas	XY
HG02120	khv	eas	XY
HG02121	khv	eas	XX
HG02122	khv	eas	XY
HG02126	khv	eas	XX
HG02127	khv	eas	XX
HG02128	khv	eas	XY
HG02129	khv	eas	XY
HG02130	khv	eas	XX
HG02131	khv	eas	XY
HG02132	khv	eas	XY
HG02133	khv	eas	XX
HG02134	khv	eas	XY
HG02135	khv	eas	XY
HG02136	khv	eas	XX
HG02137	khv	eas	XY
HG02138	khv	eas	XY
HG02139	khv	eas	XX
HG02140	khv	eas	XX
HG02141	khv	eas	XY
HG02142	khv	eas	XX
HG02143	acb	afr	XY
HG02144	acb	afr	XX
HG02145	acb	afr	XY
HG02146	pel	amr	XY
HG02147	pel	amr	XX
HG02148	pel	amr	XX
HG02150	pel	amr	XY
HG02151	cdx	eas	XX
HG02152	cdx	eas	XX
HG02153	cdx	eas	XX
HG02154	cdx	eas	XX
HG02155	cdx	eas	XX
HG02156	cdx	eas	XX
HG02164	cdx	eas	XX
HG02165	cdx	eas	XX
HG02166	cdx	eas	XX
HG02178	cdx	eas	XX
HG02179	cdx	eas	XX
HG02180	cdx	eas	XX
HG02181	cdx	eas	XX
HG02182	cdx	eas	XX
HG02184	cdx	eas	XX
HG02185	cdx	eas	XX
HG02186	cdx	eas	XX
HG02187	cdx	eas	XX
HG02188	cdx	eas	XX
HG02190	cdx	eas	XX
HG02215	gbr	nfe	XX
HG02219	ibs	nfe	XY
HG02220	ibs	nfe	XX
HG02221	ibs	nfe	XY
HG02222	ibs	nfe	XX
HG02223	ibs	nfe	XX
HG02224	ibs	nfe	XY
HG02225	ibs	nfe	XX
HG02229	ibs	nfe	XX
HG02230	ibs	nfe	XX
HG02231	ibs	nfe	XY
HG02235	ibs	nfe	XX
HG02236	ibs	nfe	XY
HG02237	ibs	nfe	XX
HG02238	ibs	nfe	XY
HG02239	ibs	nfe	XX
HG02240	ibs	nfe	XX
HG02250	cdx	eas	XY
HG02252	pel	amr	XX
HG02253	pel	amr	XY
HG02255	acb	afr	XY
HG02256	acb	afr	XX
HG02257	acb	afr	XX
HG02258	acb	afr	XY
HG02262	pel	amr	XY
HG02265	pel	amr	XY
HG02266	pel	amr	XX
HG02271	pel	amr	XY
HG02272	pel	amr	XX
HG02273	pel	amr	XX
HG02274	pel	amr	XY
HG02275	pel	amr	XX
HG02277	pel	amr	XY
HG02278	pel	amr	XX
HG02279	pel	amr	XY
HG02280	acb	afr	XX
HG02281	acb	afr	XY
HG02282	acb	afr	XX
HG02284	acb	afr	XY
HG02285	pel	amr	XY
HG02286	pel	amr	XX
HG02287	pel	amr	XX
HG02291	pel	amr	XY
HG02292	pel	amr	XX
HG02293	pel	amr	XX
HG02298	pel	amr	XX
HG02299	pel	amr	XY
HG02300	pel	amr	XX
HG02301	pel	amr	XX
HG02302	pel	amr	XY
HG02303	pel	amr	XX
HG02304	pel	amr	XY
HG02307	acb	afr	XY
HG02308	acb	afr	XX
HG02309	acb	afr	XX
HG02312	pel	amr	XX
HG02314	acb	afr	XY
HG02315	acb	afr	XX
HG02316	acb	afr	XY
HG02317	acb	afr	XY
HG02318	acb	afr	XX
HG02321	acb	afr	XX
HG02322	acb	afr	XX
HG02323	acb	afr	XY
HG02325	acb	afr	XX
HG02330	acb	afr	XY
HG02332	acb	afr	XY
HG02334	acb	afr	XY
HG02337	acb	afr	XX
HG02339	acb	afr	XX
HG02343	acb	afr	XY
HG02345	pel	amr	XX
HG02348	pel	amr	XX
HG02351	cdx	eas	XY
HG02353	cdx	eas	XY
HG02355	cdx	eas	XY
HG02356	cdx	eas	XY
HG02360	cdx	eas	XY
HG02364	cdx	eas	XY
HG02367	cdx	eas	XY
HG02371	cdx	eas	XY
HG02373	cdx	eas	XY
HG02374	cdx	eas	XY
HG02375	cdx	eas	XY
HG02379	cdx	eas	XY
HG02380	cdx	eas	XY
HG02382	cdx	eas	XY
HG02383	cdx	eas	XY
HG02384	cdx	eas	XY
HG02385	cdx	eas	XY
HG02386	cdx	eas	XY
HG02389	cdx	eas	XY
HG02390	cdx	eas	XY
HG02391	cdx	eas	XY
HG02392	cdx	eas	XY
HG02394	cdx	eas	XY
HG02395	cdx	eas	XY
HG02396	cdx	eas	XY
HG02397	cdx	eas	XY
HG02398	cdx	eas	XY
HG02399	cdx	eas	XY
HG02401	cdx	eas	XY
HG02402	cdx	eas	XY
HG02406	cdx	eas	XY
HG02407	cdx	eas	XY
HG02408	cdx	eas	XY
HG02409	cdx	eas	XY
HG02410	cdx	eas	XY
HG02419	acb	afr	XX
HG02425	pel	amr	XX
HG02427	acb	afr	XX
HG02429	acb	afr	XY
HG02433	acb	afr	XY
HG02439	acb	afr	XY
HG02442	acb	afr	XY
HG02445	acb	afr	XY
HG02455	acb	afr	XY
HG02462	gwd	afr	XX
HG02463	gwd	afr	XY
HG02464	gwd	afr	XY
HG02465	gwd	afr	XX
HG02466	gwd	afr	XY
HG02470	acb	afr	XY
HG02471	acb	afr	XX
HG02476	acb	afr	XX
HG02477	acb	afr	XX
HG02479	acb	afr	XX
HG02481	acb	afr	XY
HG02484	acb	afr	XY
HG02485	acb	afr	XX
HG02489	acb	afr	XY
HG02490	pjl	sas	XY
HG02491	pjl	sas	XX
HG02492	pjl	sas	XY
HG02493	pjl	sas	XY
HG02494	pjl	sas	XX
HG02495	pjl	sas	XX
HG02496	acb	afr	XY
HG02497	acb	afr	XX
HG02501	acb	afr	XY
HG02502	acb	afr	XX
HG02505	acb	afr	XX
HG02508	acb	afr	XX
HG02511	acb	afr	XX
HG02512	khv	eas	XY
HG02513	khv	eas	XX
HG02514	khv	eas	XY
HG02521	khv	eas	XY
HG02522	khv	eas	XX
HG02523	khv	eas	XX
HG02524	khv	eas	XY
HG02525	khv	eas	XX
HG02526	khv	eas	XX
HG02536	acb	afr	XY
HG02537	acb	afr	XX
HG02541	acb	afr	XY
HG02545	acb	afr	XY
HG02546	acb	afr	XX
HG02549	acb	afr	XX
HG02554	acb	afr	XY
HG02555	acb	afr	XX
HG02557	acb	afr	XY
HG02558	acb	afr	XX
HG02561	gwd	afr	XY
HG02562	gwd	afr	XX
HG02563	gwd	afr	XY
HG02568	gwd	afr	XX
HG02569	gwd	afr	XY
HG02570	gwd	afr	XY
HG02571	gwd	afr	XX
HG02572	gwd	afr	XY
HG02573	gwd	afr	XY
HG02574	gwd	afr	XX
HG02575	gwd	afr	XY
HG02577	acb	afr	XX
HG02580	acb	afr	XX
HG02582	gwd	afr	XY
HG02583	gwd	afr	XX
HG02584	gwd	afr	XY
HG02585	gwd	afr	XY
HG02586	gwd	afr	XX
HG02587	gwd	afr	XX
HG02588	gwd	afr	XY
HG02589	gwd	afr	XX
HG02590	gwd	afr	XY
HG02594	gwd	afr	XY
HG02595	gwd	afr	XX
HG02596	gwd	afr	XY
HG02597	pjl	sas	XY
HG02600	pjl	sas	XY
HG02601	pjl	sas	XX
HG02602	pjl	sas	XY
HG02603	pjl	sas	XY
HG02604	pjl	sas	XX
HG02605	pjl	sas	XX
HG02610	gwd	afr	XY
HG02611	gwd	afr	XX
HG02612	gwd	afr	XY
HG02613	gwd	afr	XY
HG02614	gwd	afr	XX
HG02615	gwd	afr	XX
HG02620	gwd	afr	XY
HG02621	gwd	afr	XX
HG02622	gwd	afr	XX
HG02623	gwd	afr	XY
HG02624	gwd	afr	XX
HG02625	gwd	afr	XY
HG02628	gwd	afr	XY
HG02629	gwd	afr	XX
HG02630	gwd	afr	XX
HG02634	gwd	afr	XY
HG02635	gwd	afr	XX
HG02636	gwd	afr	XY
HG02642	gwd	afr	XY
HG02643	gwd	afr	XX
HG02644	gwd	afr	XY
HG02645	gwd	afr	XY
HG02646	gwd	afr	XX
HG02647	gwd	afr	XY
HG02648	pjl	sas	XY
HG02649	pjl	sas	XX
HG02650	pjl	sas	XY
HG02651	pjl	sas	XY
HG02652	pjl	sas	XX
HG02653	pjl	sas	XX
HG02654	pjl	sas	XY
HG02655	pjl	sas	XX
HG02656	pjl	sas	XY
HG02660	pjl	sas	XY
HG02661	pjl	sas	XX
HG02662	pjl	sas	XX
HG02666	gwd	afr	XY
HG02667	gwd	afr	XX
HG02668	gwd	afr	XY
HG02675	gwd	afr	XY
HG02676	gwd	afr	XX
HG02677	gwd	afr	XX
HG02678	gwd	afr	XY
HG02679	gwd	afr	XX
HG02680	gwd	afr	XX
HG02681	pjl	sas	XY
HG02682	pjl	sas	XX
HG02684	pjl	sas	XY
HG02685	pjl	sas	XX
HG02686	pjl	sas	XY
HG02687	pjl	sas	XY
HG02688	pjl	sas	XX
HG02689	pjl	sas	XY
HG02690	pjl	sas	XY
HG02691	pjl	sas	XX
HG02692	pjl	sas	XX
HG02694	pjl	sas	XX
HG02697	pjl	sas	XX
HG02698	pjl	sas	XY
HG02699	pjl	sas	XY
HG02700	pjl	sas	XX
HG02701	pjl	sas	XY
HG02702	gwd	afr	XY
HG02703	gwd	afr	XX
HG02704	gwd	afr	XX
HG02715	gwd	afr	XY
HG02716	gwd	afr	XX
HG02717	gwd	afr	XY
HG02721	gwd	afr	XY
HG02722	gwd	afr	XX
HG02723	gwd	afr	XX
HG02724	pjl	sas	XY
HG02725	pjl	sas	XX
HG02726	pjl	sas	XX
HG02727	pjl	sas	XY
HG02728	pjl	sas	XX
HG02729	pjl	sas	XY
HG02731	pjl	sas	XX
HG02733	pjl	sas	XY
HG02734	pjl	sas	XX
HG02735	pjl	sas	XY
HG02736	pjl	sas	XY
HG02737	pjl	sas	XX
HG02738	pjl	sas	XY
HG02756	gwd	afr	XY
HG02757	gwd	afr	XX
HG02759	gwd	afr	XY
HG02760	gwd	afr	XX
HG02761	gwd	afr	XX
HG02762	gwd	afr	XY
HG02763	gwd	afr	XX
HG02764	gwd	afr	XY
HG02768	gwd	afr	XY
HG02769	gwd	afr	XX
HG02770	gwd	afr	XX
HG02771	gwd	afr	XY
HG02772	gwd	afr	XX
HG02773	gwd	afr	XY
HG02774	pjl	sas	XY
HG02775	pjl	sas	XX
HG02776	pjl	sas	XX
HG02778	pjl	sas	XX
HG02780	pjl	sas	XY
HG02783	pjl	sas	XY
HG02784	pjl	sas	XX
HG02785	pjl	sas	XX
HG02786	pjl	sas	XY
HG02787	pjl	sas	XX
HG02788	pjl	sas	XX
HG02789	pjl	sas	XY
HG02790	pjl	sas	XX
HG02791	pjl	sas	XY
HG02792	pjl	sas	XY
HG02793	pjl	sas	XX
HG02794	pjl	sas	XY
HG02798	gwd	afr	XY
HG02799	gwd	afr	XX
HG02800	gwd	afr	XY
HG02804	gwd	afr	XY
HG02805	gwd	afr	XX
HG02806	gwd	afr	XX
HG02807	gwd	afr	XY
HG02808	gwd	afr	XX
HG02809	gwd	afr	XX
HG02810	gwd	afr	XY
HG02811	gwd	afr	XX
HG02812	gwd	afr	XY
HG02813	gwd	afr	XY
HG02814	gwd	afr	XX
HG02815	gwd	afr	XY
HG02819	gwd	afr	XY
HG02820	gwd	afr	XX
HG02821	gwd	afr	XY
HG02836	gwd	afr	XY
HG02837	gwd	afr	XX
HG02838	gwd	afr	XY
HG02839	gwd	afr	XY
HG02840	gwd	afr	XX
HG02841	gwd	afr	XX
HG02851	gwd	afr	XY
HG02852	gwd	afr	XX
HG02853	gwd	afr	XY
HG02854	gwd	afr	XY
HG02855	gwd	afr	XX
HG02856	gwd	afr	XY
HG02860	gwd	afr	XY
HG02861	gwd	afr	XX
HG02862	gwd	afr	XX
HG02870	gwd	afr	XX
HG02871	gwd	afr	XX
HG02878	gwd	afr	XY
HG02879	gwd	afr	XX
HG02880	gwd	afr	XX
HG02881	gwd	afr	XY
HG02882	gwd	afr	XX
HG02883	gwd	afr	XY
HG02884	gwd	afr	XY
HG02885	gwd	afr	XX
HG02886	gwd	afr	XX
HG02887	gwd	afr	XY
HG02888	gwd	afr	XX
HG02889	gwd	afr	XX
HG02890	gwd	afr	XY
HG02891	gwd	afr	XX
HG02892	gwd	afr	XY
HG02895	gwd	afr	XY
HG02896	gwd	afr	XX
HG02897	gwd	afr	XX
HG02922	esn	afr	XX
HG02923	esn	afr	XY
HG02924	esn	afr	XY
HG02938	esn	afr	XY
HG02941	esn	afr	XY
HG02943	esn	afr	XX
HG02944	esn	afr	XY
HG02945	esn	afr	XX
HG02946	esn	afr	XX
HG02947	esn	afr	XY
HG02948	esn	afr	XY
HG02952	esn	afr	XX
HG02953	esn	afr	XY
HG02954	esn	afr	XY
HG02964	esn	afr	XX
HG02965	esn	afr	XY
HG02966	esn	afr	XY
HG02968	esn	afr	XY
HG02970	esn	afr	XX
HG02971	esn	afr	XY
HG02972	esn	afr	XY
HG02973	esn	afr	XY
HG02974	esn	afr	XX
HG02975	esn	afr	XY
HG02976	esn	afr	XX
HG02977	esn	afr	XY
HG02978	esn	afr	XX
HG02979	esn	afr	XX
HG02980	esn	afr	XY
HG02981	esn	afr	XY
HG02982	gwd	afr	XY
HG02983	gwd	afr	XX
HG02984	gwd	afr	XY
HG03006	beb	sas	XY
HG03007	beb	sas	XX
HG03008	beb	sas	XY
HG03009	beb	sas	XY
HG03012	beb	sas	XY
HG03015	pjl	sas	XY
HG03016	pjl	sas	XX
HG03017	pjl	sas	XY
HG03018	pjl	sas	XY
HG03021	pjl	sas	XY
HG03022	pjl	sas	XX
HG03024	gwd	afr	XY
HG03025	gwd	afr	XX
HG03026	gwd	afr	XX
HG03027	gwd	afr	XY
HG03028	gwd	afr	XX
HG03029	gwd	afr	XY
HG03033	gwd	afr	XY
HG03034	gwd	afr	XX
HG03035	gwd	afr	XY
HG03039	gwd	afr	XY
HG03040	gwd	afr	XX
HG03041	gwd	afr	XX
HG03045	gwd	afr	XY
HG03046	gwd	afr	XX
HG03047	gwd	afr	XX
HG03048	gwd	afr	XY
HG03049	gwd	afr	XX
HG03050	gwd	afr	XY
HG03052	msl	afr	XX
HG03054	msl	afr	XY
HG03055	msl	afr	XX
HG03056	msl	afr	XY
HG03057	msl	afr	XY
HG03058	msl	afr	XX
HG03060	msl	afr	XY
HG03061	msl	afr	XX
HG03063	msl	afr	XY
HG03064	msl	afr	XX
HG03065	msl	afr	XY
HG03066	msl	afr	XY
HG03069	msl	afr	XY
HG03072	msl	afr	XY
HG03073	msl	afr	XX
HG03074	msl	afr	XY
HG03077	msl	afr	XY
HG03078	msl	afr	XY
HG03079	msl	afr	XX
HG03081	msl	afr	XY
HG03082	msl	afr	XX
HG03084	msl	afr	XY
HG03086	msl	afr	XX
HG03088	msl	afr	XX
HG03091	msl	afr	XX
HG03095	msl	afr	XX
HG03096	msl	afr	XY
HG03097	msl	afr	XX
HG03099	esn	afr	XX
HG03100	esn	afr	XY
HG03101	esn	afr	XY
HG03103	esn	afr	XY
HG03105	esn	afr	XX
HG03108	esn	afr	XX
HG03109	esn	afr	XY
HG03110	esn	afr	XX
HG03111	esn	afr	XX
HG03112	esn	afr	XY
HG03113	esn	afr	XX
HG03114	esn	afr	XX
HG03115	esn	afr	XY
HG03116	esn	afr	XX
HG03117	esn	afr	XX
HG03118	esn	afr	XY
HG03119	esn	afr	XX
HG03120	esn	afr	XY
HG03121	esn	afr	XX
HG03122	esn	afr	XY
HG03123	esn	afr	XX
HG03124	esn	afr	XY
HG03125	esn	afr	XX
HG03126	esn	afr	XX
HG03127	esn	afr	XY
HG03128	esn	afr	XY
HG03129	esn	afr	XX
HG03130	esn	afr	XY
HG03131	esn	afr	XY
HG03132	esn	afr	XX
HG03133	esn	afr	XY
HG03134	esn	afr	XY
HG03135	esn	afr	XX
HG03136	esn	afr	XY
HG03137	esn	afr	XY
HG03139	esn	afr	XY
HG03157	esn	afr	XY
HG03159	esn	afr	XX
HG03160	esn	afr	XY
HG03161	esn	afr	XY
HG03162	esn	afr	XX
HG03163	esn	afr	XY
HG03164	esn	afr	XX
HG03166	esn	afr	XY
HG03168	esn	afr	XX
HG03169	esn	afr	XY
HG03170	esn	afr	XY
HG03172	esn	afr	XY
HG03175	esn	afr	XY
HG03189	esn	afr	XX
HG03190	esn	afr	XY
HG03191	esn	afr	XY
HG03193	esn	afr	XY
HG03195	esn	afr	XX
HG03196	esn	afr	XY
HG03197	esn	afr	XY
HG03198	esn	afr	XX
HG03199	esn	afr	XY
HG03200	esn	afr	XX
HG03202	esn	afr	XY
HG03209	msl	afr	XY
HG03212	msl	afr	XX
HG03224	msl	afr	XY
HG03225	msl	afr	XY
HG03228	pjl	sas	XY
HG03229	pjl	sas	XX
HG03230	pjl	sas	XX
HG03234	pjl	sas	XY
HG03235	pjl	sas	XX
HG03236	pjl	sas	XX
HG03237	pjl	sas	XY
HG03238	pjl	sas	XX
HG03239	pjl	sas	XX
HG03246	gwd	afr	XY
HG03247	gwd	afr	XX
HG03248	gwd	afr	XY
HG03249	gwd	afr	XY
HG03251	gwd	afr	XX
HG03258	gwd	afr	XY
HG03259	gwd	afr	XX
HG03260	gwd	afr	XY
HG03265	esn	afr	XY
HG03267	esn	afr	XX
HG03268	esn	afr	XY
HG03269	esn	afr	XY
HG03270	esn	afr	XX
HG03271	esn	afr	XY
HG03272	esn	afr	XX
HG03279	esn	afr	XX
HG03280	esn	afr	XY
HG03291	esn	afr	XX
HG03294	esn	afr	XX
HG03295	esn	afr	XY
HG03296	esn	afr	XY
HG03297	esn	afr	XX
HG03298	esn	afr	XY
HG03299	esn	afr	XY
HG03304	esn	afr	XY
HG03305	esn	afr	XX
HG03306	esn	afr	XX
HG03307	esn	afr	XY
HG03308	esn	afr	XY
HG03309	esn	afr	XX
HG03310	esn	afr	XX
HG03311	esn	afr	XY
HG03312	esn	afr	XX
HG03313	esn	afr	XY
HG03314	esn	afr	XY
HG03342	esn	afr	XX
HG03343	esn	afr	XY
HG03344	esn	afr	XY
HG03350	esn	afr	XY
HG03351	esn	afr	XX
HG03352	esn	afr	XY
HG03354	esn	afr	XX
HG03363	esn	afr	XX
HG03366	esn	afr	XX
HG03367	esn	afr	XY
HG03368	esn	afr	XY
HG03369	esn	afr	XX
HG03370	esn	afr	XY
HG03371	esn	afr	XY
HG03372	esn	afr	XX
HG03373	esn	afr	XY
HG03374	esn	afr	XX
HG03376	msl	afr	XY
HG03378	msl	afr	XX
HG03380	msl	afr	XX
HG03382	msl	afr	XY
HG03385	msl	afr	XY
HG03388	msl	afr	XY
HG03391	msl	afr	XY
HG03394	msl	afr	XY
HG03397	msl	afr	XY
HG03401	msl	afr	XX
HG03410	msl	afr	XX
HG03419	msl	afr	XX
HG03428	msl	afr	XX
HG03432	msl	afr	XY
HG03433	msl	afr	XY
HG03436	msl	afr	XY
HG03437	msl	afr	XX
HG03438	msl	afr	XX
HG03439	msl	afr	XY
HG03442	msl	afr	XY
HG03445	msl	afr	XY
HG03446	msl	afr	XX
HG03449	msl	afr	XX
HG03454	msl	afr	XY
HG03455	msl	afr	XX
HG03457	msl	afr	XY
HG03458	msl	afr	XX
HG03460	msl	afr	XY
HG03461	msl	afr	XX
HG03464	msl	afr	XX
HG03470	msl	afr	XX
HG03472	msl	afr	XY
HG03473	msl	afr	XX
HG03476	msl	afr	XX
HG03478	msl	afr	XY
HG03479	msl	afr	XX
HG03480	msl	afr	XX
HG03487	pjl	sas	XY
HG03488	pjl	sas	XX
HG03489	pjl	sas	XY
HG03490	pjl	sas	XY
HG03491	pjl	sas	XX
HG03492	pjl	sas	XY
HG03499	esn	afr	XX
HG03514	esn	afr	XX
HG03515	esn	afr	XY
HG03516	esn	afr	XX
HG03520	esn	afr	XX
HG03521	esn	afr	XY
HG03522	esn	afr	XX
HG03538	gwd	afr	XY
HG03539	gwd	afr	XX
HG03540	gwd	afr	XX
HG03548	msl	afr	XX
HG03556	msl	afr	XY
HG03557	msl	afr	XX
HG03558	msl	afr	XX
HG03559	msl	afr	XY
HG03563	msl	afr	XX
HG03565	msl	afr	XY
HG03567	msl	afr	XX
HG03571	msl	afr	XY
HG03572	msl	afr	XX
HG03574	msl	afr	XY
HG03575	msl	afr	XX
HG03576	msl	afr	XX
HG03577	msl	afr	XY
HG03578	msl	afr	XX
HG03579	msl	afr	XY
HG03583	msl	afr	XX
HG03584	msl	afr	XX
HG03585	beb	sas	XY
HG03589	beb	sas	XX
HG03593	beb	sas	XY
HG03595	beb	sas	XX
HG03596	beb	sas	XY
HG03598	beb	sas	XX
HG03600	beb	sas	XY
HG03603	beb	sas	XY
HG03604	beb	sas	XX
HG03605	beb	sas	XX
HG03606	beb	sas	XY
HG03607	beb	sas	XX
HG03611	beb	sas	XX
HG03615	beb	sas	XY
HG03616	beb	sas	XX
HG03617	beb	sas	XX
HG03618	pjl	sas	XY
HG03619	pjl	sas	XX
HG03620	pjl	sas	XX
HG03629	pjl	sas	XY
HG03631	pjl	sas	XX
HG03633	pjl	sas	XY
HG03634	pjl	sas	XX
HG03635	pjl	sas	XX
HG03636	pjl	sas	XY
HG03639	pjl	sas	XY
HG03640	pjl	sas	XX
HG03641	pjl	sas	XY
HG03642	stu	sas	XX
HG03643	stu	sas	XX
HG03644	stu	sas	XY
HG03645	stu	sas	XX
HG03646	stu	sas	XY
HG03649	pjl	sas	XY
HG03650	pjl	sas	XX
HG03651	pjl	sas	XY
HG03652	pjl	sas	XY
HG03653	pjl	sas	XX
HG03654	pjl	sas	XY
HG03660	pjl	sas	XY
HG03663	pjl	sas	XY
HG03667	pjl	sas	XY
HG03668	pjl	sas	XX
HG03669	pjl	sas	XX
HG03672	stu	sas	XY
HG03673	stu	sas	XX
HG03679	stu	sas	XY
HG03680	stu	sas	XY
HG03681	stu	sas	XY
HG03682	stu	sas	XY
HG03683	stu	sas	XX
HG03684	stu	sas	XX
HG03685	stu	sas	XY
HG03686	stu	sas	XY
HG03687	stu	sas	XY
HG03689	stu	sas	XX
HG03690	stu	sas	XX
HG03691	stu	sas	XY
HG03692	stu	sas	XX
HG03693	stu	sas	XY
HG03694	stu	sas	XY
HG03695	stu	sas	XY
HG03696	stu	sas	XY
HG03697	stu	sas	XY
HG03698	stu	sas	XX
HG03699	pjl	sas	XY
HG03700	pjl	sas	XX
HG03701	pjl	sas	XY
HG03702	pjl	sas	XY
HG03703	pjl	sas	XX
HG03704	pjl	sas	XX
HG03705	pjl	sas	XY
HG03706	pjl	sas	XX
HG03707	pjl	sas	XY
HG03708	pjl	sas	XY
HG03709	pjl	sas	XX
HG03710	pjl	sas	XY
HG03711	stu	sas	XY
HG03713	itu	sas	XY
HG03714	itu	sas	XX
HG03716	itu	sas	XY
HG03717	itu	sas	XX
HG03718	itu	sas	XY
HG03720	itu	sas	XY
HG03721	itu	sas	XX
HG03727	itu	sas	XY
HG03729	itu	sas	XY
HG03730	itu	sas	XX
HG03731	itu	sas	XX
HG03732	itu	sas	XY
HG03733	stu	sas	XX
HG03736	stu	sas	XX
HG03738	stu	sas	XY
HG03740	stu	sas	XY
HG03741	stu	sas	XX
HG03742	itu	sas	XY
HG03743	stu	sas	XY
HG03744	stu	sas	XY
HG03745	stu	sas	XY
HG03746	stu	sas	XY
HG03750	stu	sas	XY
HG03752	stu	sas	XX
HG03753	stu	sas	XY
HG03754	stu	sas	XX
HG03755	stu	sas	XY
HG03756	stu	sas	XX
HG03757	stu	sas	XX
HG03760	stu	sas	XX
HG03761	pjl	sas	XY
HG03762	pjl	sas	XX
HG03763	pjl	sas	XY
HG03765	pjl	sas	XX
HG03767	pjl	sas	XY
HG03770	itu	sas	XX
HG03771	itu	sas	XY
HG03772	itu	sas	XX
HG03773	itu	sas	XY
HG03774	itu	sas	XX
HG03775	itu	sas	XY
HG03777	itu	sas	XY
HG03778	itu	sas	XY
HG03779	itu	sas	XY
HG03780	itu	sas	XX
HG03781	itu	sas	XX
HG03782	itu	sas	XX
HG03784	itu	sas	XX
HG03785	itu	sas	XY
HG03786	itu	sas	XY
HG03787	itu	sas	XX
HG03788	itu	sas	XY
HG03789	itu	sas	XX
HG03790	itu	sas	XY
HG03792	itu	sas	XY
HG03793	beb	sas	XX
HG03794	beb	sas	XY
HG03795	beb	sas	XY
HG03796	beb	sas	XX
HG03797	beb	sas	XY
HG03798	beb	sas	XY
HG03799	beb	sas	XX
HG03800	beb	sas	XY
HG03801	beb	sas	XX
HG03802	beb	sas	XX
HG03803	beb	sas	XY
HG03804	beb	sas	XX
HG03805	beb	sas	XX
HG03806	beb	sas	XY
HG03807	beb	sas	XX
HG03808	beb	sas	XX
HG03809	beb	sas	XY
HG03812	beb	sas	XY
HG03817	beb	sas	XX
HG03821	beb	sas	XY
HG03824	beb	sas	XY
HG03826	beb	sas	XX
HG03829	beb	sas	XX
HG03830	beb	sas	XY
HG03831	beb	sas	XX
HG03832	beb	sas	XX
HG03833	beb	sas	XY
HG03834	beb	sas	XX
HG03836	stu	sas	XX
HG03837	stu	sas	XY
HG03838	stu	sas	XX
HG03844	stu	sas	XY
HG03846	stu	sas	XY
HG03848	stu	sas	XY
HG03849	stu	sas	XX
HG03850	stu	sas	XY
HG03851	stu	sas	XY
HG03854	stu	sas	XY
HG03856	stu	sas	XY
HG03857	stu	sas	XX
HG03858	stu	sas	XX
HG03861	itu	sas	XX
HG03862	itu	sas	XX
HG03863	itu	sas	XX
HG03864	itu	sas	XY
HG03866	itu	sas	XY
HG03867	itu	sas	XY
HG03868	itu	sas	XX
HG03869	itu	sas	XY
HG03870	itu	sas	XY
HG03871	itu	sas	XY
HG03872	itu	sas	XY
HG03873	itu	sas	XX
HG03874	itu	sas	XX
HG03875	itu	sas	XY
HG03882	itu	sas	XX
HG03884	stu	sas	XX
HG03887	stu	sas	XY
HG03888	stu	sas	XX
HG03890	stu	sas	XY
HG03894	stu	sas	XX
HG03895	stu	sas	XX
HG03896	stu	sas	XY
HG03897	stu	sas	XX
HG03898	stu	sas	XX
HG03899	stu	sas	XY
HG03900	stu	sas	XY
HG03902	beb	sas	XY
HG03904	beb	sas	XX
HG03905	beb	sas	XY
HG03906	beb	sas	XY
HG03907	beb	sas	XX
HG03908	beb	sas	XY
HG03909	beb	sas	XY
HG03910	beb	sas	XX
HG03911	beb	sas	XY
HG03913	beb	sas	XX
HG03914	beb	sas	XY
HG03915	beb	sas	XX
HG03916	beb	sas	XX
HG03917	beb	sas	XY
HG03919	beb	sas	XX
HG03920	beb	sas	XY
HG03922	beb	sas	XX
HG03925	beb	sas	XX
HG03926	beb	sas	XY
HG03927	beb	sas	XX
HG03928	beb	sas	XX
HG03929	beb	sas	XY
HG03930	beb	sas	XX
HG03931	beb	sas	XX
HG03934	beb	sas	XX
HG03937	beb	sas	XX
HG03940	beb	sas	XX
HG03941	beb	sas	XY
HG03942	beb	sas	XY
HG03945	stu	sas	XX
HG03947	stu	sas	XX
HG03949	stu	sas	XX
HG03950	stu	sas	XY
HG03951	stu	sas	XX
HG03953	stu	sas	XY
HG03955	stu	sas	XX
HG03960	itu	sas	XY
HG03963	itu	sas	XY
HG03965	itu	sas	XY
HG03967	itu	sas	XY
HG03968	itu	sas	XX
HG03969	itu	sas	XY
HG03971	itu	sas	XY
HG03973	itu	sas	XX
HG03974	itu	sas	XY
HG03976	itu	sas	XY
HG03977	itu	sas	XX
HG03978	itu	sas	XY
HG03985	stu	sas	XY
HG03986	stu	sas	XX
HG03989	stu	sas	XX
HG03990	stu	sas	XY
HG03991	stu	sas	XY
HG03995	stu	sas	XX
HG03998	stu	sas	XY
HG03999	stu	sas	XY
HG04001	itu	sas	XX
HG04002	itu	sas	XY
HG04003	stu	sas	XY
HG04006	stu	sas	XY
HG04014	itu	sas	XX
HG04015	itu	sas	XY
HG04017	itu	sas	XY
HG04018	itu	sas	XX
HG04019	itu	sas	XY
HG04020	itu	sas	XY
HG04022	itu	sas	XY
HG04023	itu	sas	XY
HG04025	itu	sas	XX
HG04026	itu	sas	XX
HG04029	stu	sas	XX
HG04033	stu	sas	XY
HG04035	stu	sas	XX
HG04036	stu	sas	XX
HG04038	stu	sas	XX
HG04039	stu	sas	XY
HG04042	stu	sas	XX
HG04047	stu	sas	XX
HG04054	itu	sas	XX
HG04056	itu	sas	XY
HG04059	itu	sas	XX
HG04060	itu	sas	XY
HG04061	itu	sas	XY
HG04062	itu	sas	XX
HG04063	itu	sas	XX
HG04070	itu	sas	XX
HG04075	stu	sas	XX
HG04076	itu	sas	XX
HG04080	itu	sas	XY
HG04090	itu	sas	XX
HG04093	itu	sas	XY
HG04094	itu	sas	XY
HG04096	itu	sas	XY
HG04098	itu	sas	XY
HG04099	stu	sas	XX
HG04100	stu	sas	XY
HG04106	stu	sas	XX
HG04107	stu	sas	XY
HG04115	stu	sas	XY
HG04118	itu	sas	XX
HG04122	stu	sas	XY
HG04127	stu	sas	XY
HG04131	beb	sas	XY
HG04132	beb	sas	XX
HG04133	beb	sas	XX
HG04134	beb	sas	XY
HG04135	beb	sas	XX
HG04136	beb	sas	XX
HG04140	beb	sas	XY
HG04141	beb	sas	XX
HG04142	beb	sas	XX
HG04144	beb	sas	XX
HG04146	beb	sas	XY
HG04147	beb	sas	XX
HG04148	beb	sas	XX
HG04149	beb	sas	XY
HG04150	beb	sas	XX
HG04151	beb	sas	XX
HG04152	beb	sas	XY
HG04153	beb	sas	XX
HG04155	beb	sas	XY
HG04156	beb	sas	XX
HG04157	beb	sas	XY
HG04158	beb	sas	XY
HG04159	beb	sas	XX
HG04160	beb	sas	XY
HG04161	beb	sas	XY
HG04162	beb	sas	XX
HG04164	beb	sas	XY
HG04171	beb	sas	XX
HG04173	beb	sas	XY
HG04174	beb	sas	XX
HG04175	beb	sas	XX
HG04176	beb	sas	XY
HG04177	beb	sas	XX
HG04180	beb	sas	XX
HG04182	beb	sas	XY
HG04183	beb	sas	XX
HG04184	beb	sas	XX
HG04185	beb	sas	XY
HG04186	beb	sas	XX
HG04187	beb	sas	XY
HG04188	beb	sas	XY
HG04189	beb	sas	XX
HG04191	beb	sas	XY
HG04192	beb	sas	XX
HG04193	beb	sas	XY
HG04194	beb	sas	XY
HG04195	beb	sas	XX
HG04199	stu	sas	XY
HG04204	stu	sas	XY
HG04206	itu	sas	XY
HG04209	itu	sas	XX
HG04210	stu	sas	XY
HG04211	itu	sas	XY
HG04212	itu	sas	XX
HG04214	itu	sas	XX
HG04215	stu	sas	XY
HG04216	itu	sas	XX
HG04219	itu	sas	XY
HG04222	itu	sas	XY
HG04225	itu	sas	XY
HG04227	stu	sas	XX
HG04228	stu	sas	XY
HG04229	stu	sas	XY
HG04235	itu	sas	XY
HG04238	itu	sas	XY
HG04239	itu	sas	XY
HGDP00003	brahui	sas	XY
HGDP00007	brahui	sas	XY
HGDP00011	brahui	sas	XY
HGDP00013	brahui	sas	XY
HGDP00015	brahui	sas	XY
HGDP00017	brahui	sas	XY
HGDP00021	brahui	sas	XY
HGDP00023	brahui	sas	XY
HGDP00025	brahui	sas	XY
HGDP00029	brahui	sas	XY
HGDP00031	brahui	sas	XY
HGDP00033	brahui	sas	XY
HGDP00035	brahui	sas	XY
HGDP00037	brahui	sas	XY
HGDP00039	brahui	sas	XY
HGDP00041	brahui	sas	XY
HGDP00043	brahui	sas	XY
HGDP00045	brahui	sas	XY
HGDP00047	brahui	sas	XY
HGDP00049	brahui	sas	XY
HGDP00052	balochi	sas	XY
HGDP00054	balochi	sas	XY
HGDP00060	balochi	sas	XY
HGDP00064	balochi	sas	XY
HGDP00066	balochi	sas	XY
HGDP00068	balochi	sas	XY
HGDP00070	balochi	sas	XY
HGDP00072	balochi	sas	XY
HGDP00074	balochi	sas	XY
HGDP00076	balochi	sas	XY
HGDP00078	balochi	sas	XY
HGDP00080	balochi	sas	XY
HGDP00082	balochi	sas	XY
HGDP00086	balochi	sas	XY
HGDP00088	balochi	sas	XY
HGDP00092	balochi	sas	XY
HGDP00094	balochi	sas	XY
HGDP00096	balochi	sas	XY
HGDP00098	balochi	sas	XY
HGDP00099	hazara	sas	XY
HGDP00100	hazara	sas	XY
HGDP00102	hazara	oth	XY
HGDP00103	hazara	sas	XY
HGDP00105	hazara	sas	XY
HGDP00106	hazara	sas	XY
HGDP00108	hazara	sas	XY
HGDP00109	hazara	sas	XY
HGDP00110	hazara	sas	XY
HGDP00115	hazara	oth	XY
HGDP00118	hazara	sas	XY
HGDP00119	hazara	sas	XY
HGDP00120	hazara	sas	XY
HGDP00121	hazara	sas	XY
HGDP00122	hazara	oth	XY
HGDP00127	hazara	sas	XY
HGDP00129	hazara	oth	XY
HGDP00130	makrani	sas	XY
HGDP00131	makrani	sas	XY
HGDP00133	makrani	sas	XY
HGDP00134	makrani	sas	XY
HGDP00135	makrani	sas	XY
HGDP00136	makrani	sas	XY
HGDP00137	makrani	sas	XY
HGDP00139	makrani	sas	XY
HGDP00140	makrani	sas	XY
HGDP00141	makrani	sas	XY
HGDP00143	makrani	sas	XY
HGDP00144	makrani	sas	XY
HGDP00145	makrani	sas	XY
HGDP00146	makrani	sas	XY
HGDP00148	makrani	sas	XY
HGDP00149	makrani	sas	XY
HGDP00150	makrani	sas	XY
HGDP00151	makrani	sas	XX
HGDP00153	makrani	sas	XX
HGDP00154	makrani	sas	XX
HGDP00155	makrani	sas	XX
HGDP00158	makrani	sas	XY
HGDP00161	makrani	sas	XY
HGDP00167	sindhi	sas	XY
HGDP00169	sindhi	sas	XY
HGDP00171	sindhi	sas	XY
HGDP00175	sindhi	sas	XY
HGDP00177	sindhi	sas	XY
HGDP00179	sindhi	sas	XY
HGDP00181	sindhi	sas	XY
HGDP00183	sindhi	sas	XY
HGDP00187	sindhi	sas	XY
HGDP00189	sindhi	sas	XY
HGDP00191	sindhi	sas	XY
HGDP00192	sindhi	sas	XX
HGDP00197	sindhi	sas	XY
HGDP00199	sindhi	sas	XY
HGDP00201	sindhi	sas	XY
HGDP00205	sindhi	sas	XY
HGDP00206	sindhi	sas	XX
HGDP00210	sindhi	sas	XX
HGDP00214	pathan	sas	XY
HGDP00222	pathan	sas	XY
HGDP00224	pathan	sas	XY
HGDP00228	pathan	sas	XY
HGDP00230	pathan	sas	XY
HGDP00234	pathan	sas	XY
HGDP00237	pathan	sas	XX
HGDP00239	pathan	sas	XX
HGDP00241	pathan	sas	XY
HGDP00243	pathan	sas	XY
HGDP00244	pathan	sas	XX
HGDP00247	pathan	sas	XX
HGDP00248	pathan	sas	XY
HGDP00251	pathan	sas	XY
HGDP00254	pathan	sas	XY
HGDP00258	pathan	sas	XY
HGDP00259	pathan	sas	XY
HGDP00262	pathan	sas	XY
HGDP00264	pathan	sas	XY
HGDP00274	kalash	sas	XX
HGDP00277	kalash	sas	XY
HGDP00281	kalash	sas	XY
HGDP00285	kalash	sas	XY
HGDP00290	kalash	sas	XY
HGDP00298	kalash	sas	XX
HGDP00302	kalash	sas	XY
HGDP00304	kalash	sas	XX
HGDP00307	kalash	sas	XY
HGDP00309	kalash	sas	XY
HGDP00311	kalash	sas	XY
HGDP00313	kalash	sas	XY
HGDP00315	kalash	sas	XY
HGDP00321	kalash	sas	XY
HGDP00323	kalash	sas	XX
HGDP00326	kalash	sas	XY
HGDP00330	kalash	sas	XY
HGDP00333	kalash	sas	XY
HGDP00346	burusho	sas	XY
HGDP00351	burusho	sas	XY
HGDP00356	burusho	sas	XX
HGDP00364	burusho	sas	XY
HGDP00371	burusho	sas	XX
HGDP00372	burusho	sas	XY
HGDP00376	burusho	sas	XY
HGDP00382	burusho	sas	XY
HGDP00388	burusho	sas	XY
HGDP00392	burusho	sas	XY
HGDP00397	burusho	sas	XY
HGDP00402	burusho	sas	XY
HGDP00407	burusho	sas	XY
HGDP00412	burusho	sas	XY
HGDP00417	burusho	sas	XY
HGDP00423	burusho	sas	XY
HGDP00433	burusho	sas	XY
HGDP00438	burusho	sas	XY
HGDP00444	burusho	sas	XX
HGDP00445	burusho	sas	XY
HGDP00511	french	nfe	XY
HGDP00512	french	nfe	XY
HGDP00513	french	nfe	XX
HGDP00514	french	nfe	XX
HGDP00515	french	nfe	XY
HGDP00516	french	nfe	XX
HGDP00517	french	nfe	XX
HGDP00518	french	nfe	XY
HGDP00519	french	nfe	XY
HGDP00520	french	nfe	XX
HGDP00522	french	nfe	XY
HGDP00523	french	nfe	XX
HGDP00524	french	nfe	XX
HGDP00525	french	nfe	XY
HGDP00527	french	nfe	XX
HGDP00528	french	nfe	XY
HGDP00529	french	nfe	XX
HGDP00531	french	nfe	XX
HGDP00534	french	nfe	XX
HGDP00535	french	nfe	XX
HGDP00536	french	nfe	XX
HGDP00537	french	nfe	XX
HGDP00538	french	nfe	XY
HGDP00539	french	nfe	XX
HGDP00557	druze	oth	XX
HGDP00558	druze	mid	XX
HGDP00559	druze	mid	XX
HGDP00560	druze	mid	XX
HGDP00561	druze	mid	XX
HGDP00562	druze	mid	XY
HGDP00563	druze	mid	XX
HGDP00564	druze	mid	XX
HGDP00565	druze	oth	XX
HGDP00566	druze	mid	XX
HGDP00567	druze	mid	XX
HGDP00568	druze	mid	XX
HGDP00571	druze	oth	XX
HGDP00572	druze	oth	XX
HGDP00573	druze	oth	XX
HGDP00574	druze	mid	XX
HGDP00575	druze	oth	XX
HGDP00577	druze	mid	XX
HGDP00578	druze	mid	XX
HGDP00579	druze	mid	XX
HGDP00580	druze	oth	XY
HGDP00581	druze	mid	XX
HGDP00582	druze	mid	XX
HGDP00583	druze	mid	XX
HGDP00584	druze	mid	XX
HGDP00586	druze	mid	XX
HGDP00587	druze	mid	XX
HGDP00588	druze	mid	XY
HGDP00590	druze	mid	XX
HGDP00591	druze	mid	XX
HGDP00594	druze	mid	XY
HGDP00595	druze	mid	XY
HGDP00598	druze	mid	XY
HGDP00599	druze	oth	XY
HGDP00600	druze	mid	XY
HGDP00601	druze	mid	XX
HGDP00602	druze	mid	XY
HGDP00604	druze	mid	XY
HGDP00606	druze	mid	XX
HGDP00607	bedouin	mid	XX
HGDP00608	bedouin	mid	XY
HGDP00609	bedouin	oth	XY
HGDP00610	bedouin	mid	XY
HGDP00611	bedouin	oth	XY
HGDP00612	bedouin	mid	XX
HGDP00613	bedouin	oth	XX
HGDP00614	bedouin	mid	XX
HGDP00615	bedouin	mid	XX
HGDP00618	bedouin	mid	XY
HGDP00619	bedouin	mid	XY
HGDP00620	bedouin	oth	XY
HGDP00621	bedouin	afr	XY
HGDP00622	bedouin	mid	XY
HGDP00623	bedouin	mid	XY
HGDP00624	bedouin	mid	XY
HGDP00625	bedouin	oth	XY
HGDP00626	bedouin	mid	XY
HGDP00627	bedouin	oth	XY
HGDP00628	bedouin	oth	XY
HGDP00629	bedouin	mid	XY
HGDP00630	bedouin	mid	XY
HGDP00631	bedouin	mid	XY
HGDP00632	bedouin	oth	XX
HGDP00634	bedouin	oth	XX
HGDP00635	bedouin	oth	XX
HGDP00636	bedouin	mid	XX
HGDP00637	bedouin	mid	XX
HGDP00638	bedouin	oth	XX
HGDP00639	bedouin	mid	XY
HGDP00640	bedouin	oth	XY
HGDP00641	bedouin	mid	XY
HGDP00642	bedouin	mid	XY
HGDP00643	bedouin	mid	XX
HGDP00644	bedouin	mid	XY
HGDP00645	bedouin	mid	XY
HGDP00646	bedouin	oth	XX
HGDP00647	bedouin	mid	XX
HGDP00648	bedouin	mid	XY
HGDP00649	bedouin	mid	XX
HGDP00651	bedouin	mid	XX
HGDP00653	bedouin	mid	XX
HGDP00654	bedouin	oth	XY
HGDP00666	sardinian	nfe	XY
HGDP00667	sardinian	nfe	XX
HGDP00668	sardinian	nfe	XY
HGDP00669	sardinian	nfe	XX
HGDP00670	sardinian	nfe	XY
HGDP00671	sardinian	nfe	XY
HGDP00672	sardinian	nfe	XX
HGDP00673	sardinian	nfe	XX
HGDP00674	sardinian	nfe	XY
HGDP00675	palestinian	mid	XY
HGDP00676	palestinian	mid	XY
HGDP00677	palestinian	mid	XY
HGDP00678	palestinian	mid	XY
HGDP00679	palestinian	mid	XX
HGDP00680	palestinian	mid	XX
HGDP00682	palestinian	mid	XX
HGDP00683	palestinian	mid	XX
HGDP00684	palestinian	oth	XX
HGDP00685	palestinian	mid	XX
HGDP00686	palestinian	mid	XX
HGDP00687	palestinian	mid	XX
HGDP00688	palestinian	mid	XX
HGDP00689	palestinian	mid	XX
HGDP00690	palestinian	mid	XX
HGDP00691	palestinian	mid	XX
HGDP00692	palestinian	oth	XX
HGDP00693	palestinian	mid	XX
HGDP00694	palestinian	mid	XX
HGDP00696	palestinian	oth	XX
HGDP00697	palestinian	oth	XX
HGDP00698	palestinian	mid	XX
HGDP00699	palestinian	mid	XX
HGDP00700	palestinian	mid	XX
HGDP00701	bedouin	mid	XX
HGDP00703	colombian	amr	XY
HGDP00704	colombian	amr	XX
HGDP00708	colombian	amr	XX
HGDP00710	colombian	amr	XY
HGDP00711	cambodian	eas	XY
HGDP00712	cambodian	eas	XX
HGDP00714	cambodian	eas	XY
HGDP00715	cambodian	oth	XY
HGDP00716	cambodian	eas	XY
HGDP00719	cambodian	eas	XX
HGDP00720	cambodian	eas	XY
HGDP00721	cambodian	oth	XX
HGDP00723	palestinian	mid	XY
HGDP00726	palestinian	mid	XY
HGDP00727	palestinian	mid	XY
HGDP00729	palestinian	mid	XY
HGDP00730	palestinian	mid	XY
HGDP00731	palestinian	mid	XY
HGDP00732	palestinian	mid	XY
HGDP00733	palestinian	mid	XY
HGDP00734	palestinian	mid	XY
HGDP00735	palestinian	mid	XX
HGDP00736	palestinian	mid	XX
HGDP00738	palestinian	oth	XX
HGDP00739	palestinian	mid	XX
HGDP00740	palestinian	mid	XX
HGDP00741	palestinian	mid	XX
HGDP00744	palestinian	mid	XX
HGDP00745	palestinian	mid	XX
HGDP00746	palestinian	mid	XX
HGDP00747	japanese	eas	XY
HGDP00748	japanese	eas	XY
HGDP00750	japanese	eas	XY
HGDP00751	japanese	eas	XY
HGDP00752	japanese	eas	XY
HGDP00753	japanese	eas	XY
HGDP00754	japanese	eas	XX
HGDP00755	japanese	eas	XY
HGDP00756	japanese	eas	XX
HGDP00757	japanese	eas	XY
HGDP00758	japanese	eas	XY
HGDP00759	japanese	eas	XY
HGDP00760	japanese	eas	XX
HGDP00761	japanese	eas	XX
HGDP00762	japanese	eas	XY
HGDP00763	japanese	eas	XY
HGDP00764	japanese	eas	XY
HGDP00765	japanese	eas	XX
HGDP00766	japanese	eas	XY
HGDP00767	japanese	eas	XY
HGDP00768	japanese	eas	XY
HGDP00769	japanese	eas	XY
HGDP00771	japanese	eas	XX
HGDP00772	japanese	eas	XX
HGDP00774	han	eas	XY
HGDP00776	han	eas	XX
HGDP00777	han	eas	XY
HGDP00779	han	eas	XY
HGDP00780	han	eas	XY
HGDP00781	han	eas	XX
HGDP00782	han	eas	XY
HGDP00784	han	eas	XX
HGDP00786	han	eas	XY
HGDP00790	japanese	eas	XY
HGDP00791	japanese	eas	XY
HGDP00794	orcadian	nfe	XX
HGDP00795	orcadian	nfe	XY
HGDP00797	orcadian	nfe	XX
HGDP00799	orcadian	nfe	XX
HGDP00800	orcadian	nfe	XX
HGDP00802	orcadian	nfe	XX
HGDP00803	orcadian	nfe	XY
HGDP00804	orcadian	nfe	XY
HGDP00805	orcadian	nfe	XX
HGDP00806	orcadian	nfe	XX
HGDP00807	orcadian	nfe	XY
HGDP00808	orcadian	nfe	XY
HGDP00810	orcadian	nfe	XY
HGDP00811	han	eas	XX
HGDP00812	han	eas	XX
HGDP00813	han	eas	XX
HGDP00814	han	eas	XX
HGDP00815	han	eas	XY
HGDP00817	han	eas	XX
HGDP00818	han	eas	XX
HGDP00819	han	eas	XY
HGDP00820	han	eas	XX
HGDP00821	han	eas	XY
HGDP00822	han	eas	XY
HGDP00828	japanese	eas	XY
HGDP00832	surui	amr	XX
HGDP00837	surui	amr	XY
HGDP00838	surui	amr	XX
HGDP00843	surui	amr	XY
HGDP00845	surui	amr	XY
HGDP00849	surui	amr	XY
HGDP00854	maya	amr	XX
HGDP00856	maya	amr	XY
HGDP00858	maya	amr	XX
HGDP00859	maya	amr	XX
HGDP00860	maya	amr	XX
HGDP00861	maya	amr	XX
HGDP00862	maya	amr	XX
HGDP00863	maya	amr	XX
HGDP00864	maya	amr	XX
HGDP00865	maya	amr	XX
HGDP00868	maya	amr	XX
HGDP00869	maya	amr	XX
HGDP00870	maya	amr	XX
HGDP00871	maya	amr	XX
HGDP00872	maya	amr	XX
HGDP00873	maya	amr	XX
HGDP00875	maya	amr	XX
HGDP00876	maya	amr	XX
HGDP00877	maya	amr	XY
HGDP00879	russian	nfe	XY
HGDP00880	russian	nfe	XY
HGDP00881	russian	nfe	XX
HGDP00882	russian	nfe	XY
HGDP00883	russian	nfe	XY
HGDP00884	russian	nfe	XX
HGDP00885	russian	nfe	XX
HGDP00886	russian	nfe	XY
HGDP00888	russian	nfe	XY
HGDP00889	russian	nfe	XX
HGDP00890	russian	nfe	XY
HGDP00891	russian	nfe	XY
HGDP00892	russian	nfe	XY
HGDP00893	russian	nfe	XY
HGDP00894	russian	nfe	XY
HGDP00895	russian	nfe	XY
HGDP00896	russian	nfe	XY
HGDP00897	russian	nfe	XY
HGDP00898	russian	nfe	XX
HGDP00899	russian	nfe	XX
HGDP00900	russian	nfe	XY
HGDP00901	russian	nfe	XX
HGDP00902	russian	nfe	XX
HGDP00904	mandenka	afr	XY
HGDP00905	mandenka	afr	XY
HGDP00906	mandenka	afr	XY
HGDP00907	mandenka	afr	XY
HGDP00908	mandenka	afr	XY
HGDP00909	mandenka	afr	XX
HGDP00910	mandenka	afr	XX
HGDP00911	mandenka	afr	XY
HGDP00912	mandenka	afr	XY
HGDP00913	mandenka	afr	XY
HGDP00914	mandenka	afr	XX
HGDP00916	mandenka	afr	XX
HGDP00917	mandenka	afr	XX
HGDP00918	mandenka	afr	XX
HGDP00919	mandenka	afr	XY
HGDP00920	yoruba	afr	XX
HGDP00924	yoruba	afr	XX
HGDP00925	yoruba	afr	XX
HGDP00926	yoruba	afr	XX
HGDP00929	yoruba	afr	XY
HGDP00930	yoruba	afr	XY
HGDP00931	yoruba	afr	XY
HGDP00935	yoruba	afr	XX
HGDP00937	yoruba	afr	XY
HGDP00938	yoruba	afr	XX
HGDP00939	yoruba	afr	XX
HGDP00940	yoruba	afr	XY
HGDP00941	yoruba	afr	XY
HGDP00942	yoruba	afr	XY
HGDP00943	yoruba	afr	XY
HGDP00944	yoruba	afr	XY
HGDP00945	yakut	eas	XY
HGDP00946	yakut	eas	XY
HGDP00947	yakut	eas	XY
HGDP00949	yakut	oth	XY
HGDP00950	yakut	eas	XY
HGDP00952	yakut	eas	XY
HGDP00953	yakut	oth	XY
HGDP00954	yakut	eas	XY
HGDP00955	yakut	eas	XX
HGDP00957	yakut	eas	XX
HGDP00958	yakut	eas	XY
HGDP00959	yakut	eas	XX
HGDP00960	yakut	eas	XY
HGDP00961	yakut	eas	XY
HGDP00962	yakut	eas	XY
HGDP00963	yakut	eas	XX
HGDP00964	yakut	eas	XY
HGDP00965	yakut	eas	XY
HGDP00966	yakut	eas	XX
HGDP00967	yakut	eas	XX
HGDP00968	yakut	eas	XY
HGDP00969	yakut	eas	XY
HGDP00970	colombian	amr	XX
HGDP00971	han	eas	XY
HGDP00972	han	eas	XX
HGDP00973	han	eas	XY
HGDP00974	han	eas	XX
HGDP00975	han	eas	XX
HGDP00976	han	eas	XX
HGDP00977	han	eas	XY
HGDP00995	karitiana	amr	XX
HGDP00999	karitiana	amr	XX
HGDP01001	karitiana	amr	XX
HGDP01006	karitiana	amr	XX
HGDP01009	karitiana	amr	XY
HGDP01010	karitiana	amr	XX
HGDP01013	karitiana	amr	XY
HGDP01014	karitiana	amr	XX
HGDP01019	karitiana	amr	XY
HGDP01021	han	eas	XX
HGDP01023	han	eas	XX
HGDP01024	han	eas	XX
HGDP01037	pima	amr	XY
HGDP01041	pima	amr	XX
HGDP01051	pima	amr	XX
HGDP01053	pima	amr	XX
HGDP01055	pima	amr	XY
HGDP01056	pima	amr	XX
HGDP01057	pima	amr	XY
HGDP01058	pima	amr	XX
HGDP01059	pima	amr	XY
HGDP01060	pima	amr	XY
HGDP01062	sardinian	nfe	XX
HGDP01063	sardinian	nfe	XY
HGDP01064	sardinian	oth	XX
HGDP01065	sardinian	nfe	XX
HGDP01066	sardinian	nfe	XY
HGDP01067	sardinian	nfe	XY
HGDP01068	sardinian	nfe	XX
HGDP01069	sardinian	nfe	XY
HGDP01070	sardinian	nfe	XX
HGDP01071	sardinian	nfe	XY
HGDP01072	sardinian	nfe	XX
HGDP01073	sardinian	nfe	XY
HGDP01074	sardinian	nfe	XX
HGDP01075	sardinian	nfe	XY
HGDP01077	sardinian	nfe	XY
HGDP01096	tujia	eas	XY
HGDP01099	tujia	eas	XY
HGDP01100	tujia	eas	XY
HGDP01101	tujia	eas	XY
HGDP01102	tujia	eas	XY
HGDP01103	tujia	eas	XY
HGDP01104	tujia	eas	XY
HGDP01149	italian	nfe	XY
HGDP01151	italian	nfe	XY
HGDP01152	italian	nfe	XY
HGDP01155	italian	nfe	XY
HGDP01156	italian	nfe	XX
HGDP01161	tuscan	nfe	XY
HGDP01162	tuscan	nfe	XY
HGDP01164	tuscan	nfe	XY
HGDP01166	tuscan	nfe	XY
HGDP01167	tuscan	nfe	XY
HGDP01169	tuscan	nfe	XX
HGDP01171	italian	nfe	XX
HGDP01173	italian	nfe	XY
HGDP01174	italian	nfe	XY
HGDP01177	italian	nfe	XX
HGDP01181	yizu	eas	XY
HGDP01182	yizu	eas	XY
HGDP01183	yizu	eas	XY
HGDP01184	yizu	eas	XY
HGDP01185	yizu	eas	XY
HGDP01186	yizu	eas	XY
HGDP01187	yizu	eas	XY
HGDP01189	miaozu	eas	XY
HGDP01190	miaozu	eas	XY
HGDP01192	miaozu	eas	XY
HGDP01193	miaozu	eas	XY
HGDP01194	miaozu	eas	XY
HGDP01195	miaozu	eas	XY
HGDP01196	miaozu	eas	XX
HGDP01197	miaozu	eas	XX
HGDP01200	mandenka	afr	XY
HGDP01201	mandenka	afr	XX
HGDP01202	mandenka	afr	XY
HGDP01204	oroqen	eas	XY
HGDP01205	oroqen	eas	XY
HGDP01206	oroqen	eas	XY
HGDP01207	oroqen	eas	XY
HGDP01209	oroqen	eas	XX
HGDP01212	oroqen	eas	XX
HGDP01213	daur	eas	XY
HGDP01214	daur	eas	XY
HGDP01216	daur	eas	XY
HGDP01217	daur	eas	XY
HGDP01218	daur	eas	XY
HGDP01220	daur	eas	XY
HGDP01221	daur	eas	XY
HGDP01222	daur	eas	XX
HGDP01224	mongola	eas	XY
HGDP01225	mongola	eas	XY
HGDP01226	mongola	eas	XY
HGDP01227	mongola	eas	XY
HGDP01229	mongola	eas	XY
HGDP01230	mongola	eas	XY
HGDP01231	mongola	eas	XX
HGDP01232	mongola	eas	XX
HGDP01233	hezhen	eas	XY
HGDP01234	hezhen	eas	XX
HGDP01236	hezhen	eas	XY
HGDP01237	hezhen	eas	XY
HGDP01238	hezhen	eas	XX
HGDP01239	hezhen	eas	XY
HGDP01241	hezhen	eas	XY
HGDP01243	xibo	eas	XY
HGDP01244	xibo	eas	XY
HGDP01245	xibo	eas	XY
HGDP01247	xibo	eas	XY
HGDP01248	xibo	eas	XY
HGDP01249	xibo	eas	XY
HGDP01251	xibo	eas	XX
HGDP01254	mozabite	mid	XX
HGDP01255	mozabite	oth	XY
HGDP01257	mozabite	mid	XY
HGDP01258	mozabite	mid	XY
HGDP01259	mozabite	mid	XY
HGDP01260	mozabite	mid	XY
HGDP01261	mozabite	afr	XY
HGDP01262	mozabite	mid	XY
HGDP01263	mozabite	mid	XY
HGDP01264	mozabite	mid	XY
HGDP01265	mozabite	mid	XY
HGDP01266	mozabite	mid	XY
HGDP01267	mozabite	mid	XX
HGDP01268	mozabite	mid	XY
HGDP01269	mozabite	mid	XY
HGDP01270	mozabite	afr	XX
HGDP01271	mozabite	afr	XY
HGDP01272	mozabite	mid	XY
HGDP01273	mozabite	mid	XY
HGDP01275	mozabite	mid	XX
HGDP01276	mozabite	mid	XX
HGDP01277	mozabite	mid	XX
HGDP01279	mozabite	mid	XY
HGDP01280	mozabite	mid	XX
HGDP01282	mozabite	mid	XY
HGDP01283	mandenka	afr	XY
HGDP01285	mandenka	afr	XY
HGDP01287	han	eas	XX
HGDP01288	han	eas	XY
HGDP01289	han	eas	XY
HGDP01290	han	eas	XY
HGDP01291	han	eas	XX
HGDP01292	han	eas	XY
HGDP01293	han	eas	XY
HGDP01294	han	eas	XY
HGDP01295	han	eas	XY
HGDP01296	han	eas	XY
HGDP01299	uygur	oth	XY
HGDP01300	uygur	sas	XY
HGDP01301	uygur	sas	XY
HGDP01302	uygur	eas	XY
HGDP01303	uygur	oth	XY
HGDP01304	uygur	oth	XY
HGDP01305	uygur	oth	XX
HGDP01309	dai	eas	XY
HGDP01310	dai	eas	XY
HGDP01311	dai	eas	XY
HGDP01313	dai	eas	XY
HGDP01316	dai	eas	XX
HGDP01317	lahu	eas	XY
HGDP01318	lahu	eas	XY
HGDP01319	lahu	eas	XY
HGDP01321	lahu	eas	XY
HGDP01322	lahu	eas	XY
HGDP01326	lahu	eas	XY
HGDP01327	she	eas	XY
HGDP01328	she	eas	XY
HGDP01329	she	eas	XY
HGDP01330	she	eas	XY
HGDP01331	she	eas	XY
HGDP01332	she	eas	XY
HGDP01334	she	eas	XX
HGDP01336	she	eas	XX
HGDP01337	naxi	eas	XY
HGDP01339	naxi	eas	XY
HGDP01340	naxi	eas	XY
HGDP01341	naxi	eas	XY
HGDP01342	naxi	eas	XY
HGDP01346	naxi	eas	XX
HGDP01347	tu	eas	XY
HGDP01348	tu	eas	XY
HGDP01349	tu	eas	XY
HGDP01351	tu	eas	XY
HGDP01352	tu	eas	XY
HGDP01353	tu	eas	XY
HGDP01354	tu	eas	XX
HGDP01356	tu	eas	XX
HGDP01357	basque	nfe	XY
HGDP01358	basque	nfe	XY
HGDP01359	basque	nfe	XY
HGDP01360	basque	nfe	XY
HGDP01361	basque	nfe	XY
HGDP01362	basque	nfe	XY
HGDP01363	basque	nfe	XX
HGDP01366	basque	nfe	XX
HGDP01367	basque	nfe	XX
HGDP01369	basque	nfe	XX
HGDP01370	basque	nfe	XY
HGDP01372	basque	nfe	XY
HGDP01373	basque	nfe	XX
HGDP01374	basque	nfe	XY
HGDP01375	basque	nfe	XY
HGDP01376	basque	nfe	XY
HGDP01377	basque	nfe	XY
HGDP01378	basque	nfe	XY
HGDP01379	basque	nfe	XY
HGDP01380	basque	nfe	XX
HGDP01381	adygei	nfe	XX
HGDP01382	adygei	nfe	XX
HGDP01384	adygei	nfe	XX
HGDP01385	adygei	nfe	XY
HGDP01386	adygei	nfe	XX
HGDP01387	adygei	nfe	XX
HGDP01388	adygei	nfe	XX
HGDP01396	adygei	nfe	XY
HGDP01397	adygei	nfe	XY
HGDP01398	adygei	nfe	XX
HGDP01399	adygei	nfe	XX
HGDP01400	adygei	nfe	XX
HGDP01403	adygei	nfe	XY
HGDP01404	adygei	nfe	XY
HGDP01405	bantukenya	afr	XY
HGDP01408	bantukenya	afr	XY
HGDP01412	bantukenya	afr	XY
HGDP01413	bantukenya	afr	XY
HGDP01418	bantukenya	afr	XY
HGDP01419	bantukenya	afr	XY
LP6005441-DNA_A01	adygei	nfe	XY
LP6005441-DNA_A04	colombian	amr	XX
LP6005441-DNA_A05	french	nfe	XY
LP6005441-DNA_A06	italian	nfe	XY
LP6005441-DNA_A09	naxi	eas	XY
LP6005441-DNA_A12	surui	amr	XX
LP6005441-DNA_B02	bantukenya	afr	XX
LP6005441-DNA_B04	colombian	amr	XX
LP6005441-DNA_B05	french	nfe	XX
LP6005441-DNA_B06	italian	nfe	XX
LP6005441-DNA_B07	lahu	eas	XX
LP6005441-DNA_B09	naxi	eas	XX
LP6005441-DNA_B12	surui	amr	XX
LP6005441-DNA_C01	balochi	sas	XY
LP6005441-DNA_C02	basque	nfe	XY
LP6005441-DNA_C03	brahui	sas	XY
LP6005441-DNA_C05	han	eas	XY
LP6005441-DNA_C06	japanese	eas	XY
LP6005441-DNA_C07	makrani	sas	XY
LP6005441-DNA_C08	miaozu	eas	XY
LP6005441-DNA_C09	orcadian	nfe	XY
LP6005441-DNA_C10	pathan	sas	XY
LP6005441-DNA_C11	sardinian	nfe	XY
LP6005441-DNA_D01	balochi	sas	XY
LP6005441-DNA_D02	basque	nfe	XX
LP6005441-DNA_D03	brahui	sas	XY
LP6005441-DNA_D04	dai	eas	XX
LP6005441-DNA_D05	han	eas	XX
LP6005441-DNA_D06	japanese	eas	XX
LP6005441-DNA_D07	makrani	sas	XX
LP6005441-DNA_D08	miaozu	eas	XX
LP6005441-DNA_D09	orcadian	nfe	XX
LP6005441-DNA_D10	pathan	sas	XX
LP6005441-DNA_D11	sardinian	nfe	XX
LP6005441-DNA_D12	tu	eas	XX
LP6005441-DNA_E02	bedouin	mid	XY
LP6005441-DNA_E03	burusho	sas	XY
LP6005441-DNA_E05	hazara	sas	XY
LP6005441-DNA_E06	kalash	sas	XY
LP6005441-DNA_E07	mandenka	afr	XY
LP6005441-DNA_E08	mongola	eas	XY
LP6005441-DNA_E09	oroqen	eas	XY
LP6005441-DNA_E10	pima	amr	XY
LP6005441-DNA_F02	bedouin	mid	XX
LP6005441-DNA_F03	burusho	sas	XX
LP6005441-DNA_F04	daur	eas	XX
LP6005441-DNA_F05	hazara	oth	XY
LP6005441-DNA_F06	kalash	sas	XX
LP6005441-DNA_F07	mandenka	afr	XX
LP6005441-DNA_F08	mongola	eas	XX
LP6005441-DNA_F09	oroqen	eas	XX
LP6005441-DNA_F10	pima	amr	XX
LP6005441-DNA_F12	tujia	eas	XX
LP6005441-DNA_G03	cambodian	eas	XY
LP6005441-DNA_G04	druze	mid	XY
LP6005441-DNA_G05	hezhen	eas	XY
LP6005441-DNA_G06	karitiana	amr	XY
LP6005441-DNA_G07	maya	amr	XX
LP6005441-DNA_G08	mozabite	mid	XY
LP6005441-DNA_G10	russian	nfe	XY
LP6005441-DNA_G11	sindhi	sas	XY
LP6005441-DNA_G12	tuscan	nfe	XY
LP6005441-DNA_H03	cambodian	eas	XX
LP6005441-DNA_H05	hezhen	eas	XX
LP6005441-DNA_H06	karitiana	amr	XX
LP6005441-DNA_H07	maya	amr	XX
LP6005441-DNA_H08	mozabite	mid	XX
LP6005441-DNA_H09	palestinian	mid	XX
LP6005441-DNA_H10	russian	nfe	XX
LP6005441-DNA_H11	sindhi	sas	XX
LP6005441-DNA_H12	tuscan	nfe	XX
LP6005442-DNA_A02	yoruba	afr	XY
LP6005442-DNA_B02	yoruba	afr	XX
LP6005442-DNA_D01	xibo	eas	XY
LP6005442-DNA_F01	yakut	eas	XX
LP6005442-DNA_G01	yizu	eas	XY
LP6005442-DNA_H01	yizu	eas	XX
LP6005443-DNA_A01	bantukenya	afr	XY
LP6005443-DNA_A02	tujia	eas	XY
LP6005443-DNA_B01	dai	eas	XY
LP6005443-DNA_B02	uygur	sas	XY
LP6005443-DNA_C02	xibo	eas	XY
LP6005443-DNA_D01	druze	mid	XX
LP6005443-DNA_D02	yakut	eas	XY
LP6005443-DNA_E01	lahu	eas	XY
LP6005443-DNA_E02	bantusafrica	afr	XY
LP6005443-DNA_E09	naxi	eas	XY
LP6005443-DNA_F01	she	eas	XY
LP6005443-DNA_G01	she	eas	XX
LP6005443-DNA_H01	tu	eas	XY
LP6005592-DNA_B03	palestinian	mid	XY
LP6005592-DNA_D03	dai	eas	XX
NA06984	ceu	nfe	XY
NA06985	ceu	nfe	XX
NA06986	ceu	nfe	XY
NA06989	ceu	nfe	XX
NA06991	ceu	nfe	XX
NA06993	ceu	nfe	XY
NA06994	ceu	nfe	XY
NA06995	ceu	nfe	XY
NA06997	ceu	nfe	XX
NA07000	ceu	nfe	XX
NA07014	ceu	nfe	XX
NA07019	ceu	nfe	XX
NA07022	ceu	nfe	XY
NA07029	ceu	nfe	XY
NA07031	ceu	nfe	XX
NA07034	ceu	nfe	XY
NA07037	ceu	nfe	XX
NA07045	ceu	nfe	XX
NA07048	ceu	nfe	XY
NA07051	ceu	nfe	XY
NA07055	ceu	nfe	XX
NA07056	ceu	nfe	XX
NA07345	ceu	nfe	XX
NA07346	ceu	nfe	XX
NA07347	ceu	nfe	XY
NA07349	ceu	nfe	XY
NA07357	ceu	nfe	XY
NA07435	ceu	nfe	XY
NA10830	ceu	nfe	XY
NA10831	ceu	nfe	XX
NA10835	ceu	nfe	XY
NA10836	ceu	nfe	XX
NA10837	ceu	nfe	XY
NA10838	ceu	nfe	XY
NA10839	ceu	nfe	XX
NA10840	ceu	nfe	XX
NA10842	ceu	nfe	XY
NA10843	ceu	nfe	XX
NA10845	ceu	nfe	XY
NA10846	ceu	nfe	XY
NA10847	ceu	nfe	XX
NA10851	ceu	nfe	XY
NA10852	ceu	nfe	XX
NA10855	ceu	nfe	XX
NA10856	ceu	nfe	XY
NA10857	ceu	nfe	XY
NA10859	ceu	nfe	XX
NA10860	ceu	nfe	XY
NA10861	ceu	nfe	XX
NA10863	ceu	nfe	XX
NA10864	ceu	nfe	XX
NA10865	ceu	nfe	XY
NA11829	ceu	nfe	XY
NA11830	ceu	nfe	XX
NA11831	ceu	nfe	XY
NA11832	ceu	nfe	XX
NA11839	ceu	nfe	XY
NA11840	ceu	nfe	XX
NA11843	ceu	nfe	XY
NA11881	ceu	nfe	XY
NA11882	ceu	nfe	XX
NA11891	ceu	nfe	XY
NA11892	ceu	nfe	XX
NA11893	ceu	nfe	XY
NA11894	ceu	nfe	XX
NA11917	ceu	nfe	XY
NA11918	ceu	nfe	XX
NA11919	ceu	nfe	XY
NA11920	ceu	nfe	XX
NA11930	ceu	nfe	XY
NA11931	ceu	nfe	XX
NA11932	ceu	nfe	XY
NA11933	ceu	nfe	XX
NA11992	ceu	nfe	XY
NA11993	ceu	nfe	XX
NA11994	ceu	nfe	XY
NA11995	ceu	nfe	XX
NA12003	ceu	nfe	XY
NA12004	ceu	nfe	XX
NA12005	ceu	nfe	XY
NA12006	ceu	nfe	XX
NA12043	ceu	nfe	XY
NA12044	ceu	nfe	XX
NA12045	ceu	nfe	XY
NA12046	ceu	nfe	XX
NA12056	ceu	nfe	XY
NA12057	ceu	nfe	XX
NA12058	ceu	nfe	XX
NA12144	ceu	nfe	XY
NA12145	ceu	nfe	XX
NA12146	ceu	nfe	XY
NA12154	ceu	nfe	XY
NA12155	ceu	nfe	XY
NA12156	ceu	nfe	XX
NA12234	ceu	nfe	XX
NA12236	ceu	nfe	XX
NA12239	ceu	nfe	XX
NA12248	ceu	nfe	XY
NA12249	ceu	nfe	XX
NA12264	ceu	nfe	XY
NA12272	ceu	nfe	XY
NA12273	ceu	nfe	XX
NA12274	ceu	nfe	XY
NA12275	ceu	nfe	XX
NA12282	ceu	nfe	XY
NA12283	ceu	nfe	XX
NA12286	ceu	nfe	XY
NA12329	ceu	nfe	XX
NA12335	ceu	nfe	XY
NA12336	ceu	nfe	XX
NA12340	ceu	nfe	XY
NA12341	ceu	nfe	XX
NA12342	ceu	nfe	XY
NA12343	ceu	nfe	XX
NA12344	ceu	nfe	XY
NA12347	ceu	nfe	XY
NA12348	ceu	nfe	XX
NA12376	ceu	nfe	XX
NA12383	ceu	nfe	XX
NA12386	ceu	nfe	XX
NA12399	ceu	nfe	XY
NA12400	ceu	nfe	XX
NA12413	ceu	nfe	XY
NA12414	ceu	nfe	XX
NA12485	ceu	nfe	XY
NA12489	ceu	nfe	XX
NA12546B	ceu	nfe	XY
NA12707	ceu	nfe	XY
NA12716	ceu	nfe	XY
NA12717	ceu	nfe	XX
NA12718	ceu	nfe	XX
NA12739	ceu	nfe	XY
NA12740	ceu	nfe	XX
NA12748	ceu	nfe	XY
NA12749	ceu	nfe	XX
NA12750	ceu	nfe	XY
NA12751	ceu	nfe	XX
NA12752	ceu	nfe	XY
NA12753	ceu	nfe	XX
NA12760	ceu	nfe	XY
NA12761	ceu	nfe	XX
NA12762	ceu	nfe	XY
NA12763	ceu	nfe	XX
NA12766	ceu	nfe	XY
NA12767	ceu	nfe	XX
NA12775	ceu	nfe	XY
NA12776	ceu	nfe	XX
NA12777	ceu	nfe	XY
NA12778	ceu	nfe	XX
NA12801	ceu	nfe	XY
NA12802	ceu	nfe	XX
NA12812	ceu	nfe	XY
NA12813	ceu	nfe	XX
NA12814	ceu	nfe	XY
NA12815	ceu	nfe	XX
NA12817	ceu	nfe	XY
NA12818	ceu	nfe	XX
NA12827	ceu	nfe	XY
NA12828	ceu	nfe	XX
NA12829	ceu	nfe	XY
NA12830A	ceu	nfe	XX
NA12832	ceu	nfe	XX
NA12842	ceu	nfe	XY
NA12843	ceu	nfe	XX
NA12864	ceu	nfe	XY
NA12872	ceu	nfe	XY
NA12873	ceu	nfe	XX
NA12874	ceu	nfe	XY
NA12875	ceu	nfe	XX
NA12877	ceu	nfe	XY
NA12889	ceu	nfe	XY
NA12890	ceu	nfe	XX
NA12892	ceu	nfe	XX
NA18484	yri	afr	XX
NA18485	yri	afr	XY
NA18486	yri	afr	XY
NA18487	yri	afr	XY
NA18488	yri	afr	XX
NA18489	yri	afr	XX
NA18497	yri	afr	XY
NA18498	yri	afr	XY
NA18499	yri	afr	XX
NA18500	yri	afr	XY
NA18501	yri	afr	XY
NA18502	yri	afr	XX
NA18503	yri	afr	XY
NA18504	yri	afr	XY
NA18505	yri	afr	XX
NA18506	yri	afr	XY
NA18507	yri	afr	XY
NA18508	yri	afr	XX
NA18510	yri	afr	XY
NA18511	yri	afr	XX
NA18515	yri	afr	XY
NA18516	yri	afr	XY
NA18517	yri	afr	XX
NA18518	yri	afr	XX
NA18519	yri	afr	XY
NA18520	yri	afr	XX
NA18521	yri	afr	XY
NA18522	yri	afr	XY
NA18523	yri	afr	XX
NA18525	chb	eas	XX
NA18526	chb	eas	XX
NA18528	chb	eas	XX
NA18530	chb	eas	XY
NA18531	chb	eas	XX
NA18532	chb	eas	XX
NA18533	chb	eas	XX
NA18534	chb	eas	XY
NA18535	chb	eas	XX
NA18536	chb	eas	XY
NA18537	chb	eas	XX
NA18538	chb	eas	XX
NA18539	chb	eas	XX
NA18541	chb	eas	XX
NA18542	chb	eas	XX
NA18543	chb	eas	XY
NA18544	chb	eas	XY
NA18545	chb	eas	XX
NA18546	chb	eas	XY
NA18547	chb	eas	XX
NA18548	chb	eas	XY
NA18549	chb	eas	XY
NA18550	chb	eas	XX
NA18552	chb	eas	XX
NA18553	chb	eas	XX
NA18555	chb	eas	XX
NA18557	chb	eas	XY
NA18558	chb	eas	XY
NA18559	chb	eas	XY
NA18560	chb	eas	XX
NA18561	chb	eas	XY
NA18562	chb	eas	XY
NA18563	chb	eas	XY
NA18564	chb	eas	XX
NA18565	chb	eas	XX
NA18566	chb	eas	XX
NA18567	chb	eas	XX
NA18570	chb	eas	XX
NA18571	chb	eas	XX
NA18572	chb	eas	XY
NA18573	chb	eas	XX
NA18574	chb	eas	XX
NA18577	chb	eas	XX
NA18579	chb	eas	XX
NA18582	chb	eas	XX
NA18591	chb	eas	XX
NA18592	chb	eas	XX
NA18593	chb	eas	XX
NA18595	chb	eas	XX
NA18596	chb	eas	XX
NA18597	chb	eas	XX
NA18599	chb	eas	XX
NA18602	chb	eas	XX
NA18603	chb	eas	XY
NA18605	chb	eas	XY
NA18606	chb	eas	XY
NA18608	chb	eas	XY
NA18609	chb	eas	XY
NA18610	chb	eas	XX
NA18611	chb	eas	XY
NA18612	chb	eas	XY
NA18613	chb	eas	XY
NA18614	chb	eas	XX
NA18615	chb	eas	XX
NA18616	chb	eas	XX
NA18617	chb	eas	XX
NA18618	chb	eas	XX
NA18619	chb	eas	XX
NA18620	chb	eas	XY
NA18621	chb	eas	XY
NA18622	chb	eas	XY
NA18623	chb	eas	XY
NA18624	chb	eas	XY
NA18625	chb	eas	XX
NA18626	chb	eas	XX
NA18627	chb	eas	XX
NA18628	chb	eas	XX
NA18629	chb	eas	XY
NA18630	chb	eas	XX
NA18631	chb	eas	XX
NA18632	chb	eas	XY
NA18633	chb	eas	XY
NA18634	chb	eas	XX
NA18635	chb	eas	XY
NA18636	chb	eas	XY
NA18638	chb	eas	XY
NA18639	chb	eas	XY
NA18640	chb	eas	XX
NA18641	chb	eas	XX
NA18642	chb	eas	XX
NA18643	chb	eas	XY
NA18644	chb	eas	XX
NA18645	chb	eas	XY
NA18646	chb	eas	XX
NA18647	chb	eas	XY
NA18648	chb	eas	XY
NA18740	chb	eas	XY
NA18745	chb	eas	XY
NA18747	chb	eas	XY
NA18748	chb	eas	XY
NA18749	chb	eas	XY
NA18757	chb	eas	XY
NA18852	yri	afr	XX
NA18853	yri	afr	XY
NA18854	yri	afr	XY
NA18855	yri	afr	XX
NA18856	yri	afr	XY
NA18857	yri	afr	XY
NA18858	yri	afr	XX
NA18859	yri	afr	XY
NA18860	yri	afr	XY
NA18861	yri	afr	XX
NA18862	yri	afr	XY
NA18863	yri	afr	XY
NA18865	yri	afr	XY
NA18867	yri	afr	XX
NA18868	yri	afr	XY
NA18869	yri	afr	XY
NA18870	yri	afr	XX
NA18871	yri	afr	XY
NA18872	yri	afr	XY
NA18873	yri	afr	XX
NA18874A	yri	afr	XY
NA18875	yri	afr	XX
NA18876	yri	afr	XX
NA18877	yri	afr	XY
NA18878	yri	afr	XX
NA18879	yri	afr	XY
NA18881	yri	afr	XX
NA18906	yri	afr	XX
NA18907	yri	afr	XX
NA18908	yri	afr	XY
NA18909	yri	afr	XX
NA18910	yri	afr	XY
NA18911	yri	afr	XY
NA18912	yri	afr	XX
NA18913	yri	afr	XY
NA18914	yri	afr	XY
NA18915	yri	afr	XY
NA18916	yri	afr	XX
NA18917	yri	afr	XY
NA18923	yri	afr	XY
NA18924	yri	afr	XX
NA18925	yri	afr	XY
NA18930	yri	afr	XX
NA18933	yri	afr	XX
NA18934	yri	afr	XY
NA18935	yri	afr	XY
NA18939	jpt	eas	XX
NA18940	jpt	eas	XY
NA18941	jpt	eas	XX
NA18942	jpt	eas	XX
NA18943	jpt	eas	XY
NA18944	jpt	eas	XY
NA18945	jpt	eas	XY
NA18946	jpt	eas	XX
NA18947	jpt	eas	XX
NA18948	jpt	eas	XY
NA18949	jpt	eas	XX
NA18950	jpt	eas	XX
NA18951	jpt	eas	XX
NA18952	jpt	eas	XY
NA18953	jpt	eas	XY
NA18954	jpt	eas	XX
NA18956	jpt	eas	XX
NA18957	jpt	eas	XX
NA18959	jpt	eas	XY
NA18960	jpt	eas	XY
NA18961	jpt	eas	XY
NA18962	jpt	eas	XY
NA18963	jpt	eas	XX
NA18964	jpt	eas	XX
NA18965	jpt	eas	XY
NA18966	jpt	eas	XY
NA18967	jpt	eas	XY
NA18968	jpt	eas	XX
NA18969	jpt	eas	XX
NA18970	jpt	eas	XY
NA18971	jpt	eas	XY
NA18972	jpt	eas	XX
NA18973	jpt	eas	XX
NA18974	jpt	eas	XY
NA18975	jpt	eas	XX
NA18976	jpt	eas	XX
NA18977	jpt	eas	XY
NA18979	jpt	eas	XX
NA18980	jpt	eas	XX
NA18981	jpt	eas	XX
NA18982	jpt	eas	XY
NA18983	jpt	eas	XY
NA18984	jpt	eas	XY
NA18985	jpt	eas	XY
NA18986	jpt	eas	XY
NA18987	jpt	eas	XX
NA18988	jpt	eas	XY
NA18989	jpt	eas	XY
NA18990	jpt	eas	XY
NA18991	jpt	eas	XX
NA18992	jpt	eas	XX
NA18993	jpt	eas	XX
NA18994	jpt	eas	XY
NA18995	jpt	eas	XY
NA18997	jpt	eas	XX
NA18998	jpt	eas	XX
NA18999	jpt	eas	XX
NA19000	jpt	eas	XY
NA19001	jpt	eas	XX
NA19002	jpt	eas	XX
NA19003	jpt	eas	XX
NA19004	jpt	eas	XY
NA19005	jpt	eas	XY
NA19006	jpt	eas	XY
NA19007	jpt	eas	XY
NA19009	jpt	eas	XY
NA19010	jpt	eas	XX
NA19011	jpt	eas	XX
NA19012	jpt	eas	XY
NA19017	lwk	afr	XX
NA19019	lwk	afr	XX
NA19020	lwk	afr	XY
NA19023	lwk	afr	XX
NA19026	lwk	afr	XY
NA19027	lwk	afr	XY
NA19035	lwk	afr	XY
NA19038	lwk	afr	XX
NA19041	lwk	afr	XY
NA19042	lwk	afr	XX
NA19043	lwk	afr	XY
NA19055	jpt	eas	XY
NA19056	jpt	eas	XY
NA19057	jpt	eas	XX
NA19058	jpt	eas	XY
NA19059	jpt	eas	XX
NA19060	jpt	eas	XY
NA19062	jpt	eas	XY
NA19063	jpt	eas	XY
NA19064	jpt	eas	XX
NA19065	jpt	eas	XX
NA19066	jpt	eas	XY
NA19067	jpt	eas	XY
NA19068	jpt	eas	XY
NA19070	jpt	eas	XY
NA19072	jpt	eas	XY
NA19074	jpt	eas	XX
NA19075	jpt	eas	XY
NA19076	jpt	eas	XY
NA19077	jpt	eas	XX
NA19078	jpt	eas	XX
NA19079	jpt	eas	XY
NA19080	jpt	eas	XX
NA19081	jpt	eas	XX
NA19082	jpt	eas	XY
NA19083	jpt	eas	XY
NA19084	jpt	eas	XX
NA19085	jpt	eas	XY
NA19086	jpt	eas	XY
NA19087	jpt	eas	XX
NA19088	jpt	eas	XY
NA19089	jpt	eas	XY
NA19090	jpt	eas	XX
NA19091	jpt	eas	XY
NA19092	yri	afr	XY
NA19093	yri	afr	XX
NA19094	yri	afr	XX
NA19095	yri	afr	XX
NA19096	yri	afr	XY
NA19097	yri	afr	XX
NA19098	yri	afr	XY
NA19099	yri	afr	XX
NA19100	yri	afr	XX
NA19101	yri	afr	XY
NA19102	yri	afr	XX
NA19103	yri	afr	XY
NA19107	yri	afr	XY
NA19108	yri	afr	XX
NA19109	yri	afr	XX
NA19113	yri	afr	XY
NA19114	yri	afr	XX
NA19115	yri	afr	XX
NA19116	yri	afr	XX
NA19117	yri	afr	XY
NA19118	yri	afr	XX
NA19119	yri	afr	XY
NA19120	yri	afr	XY
NA19121	yri	afr	XY
NA19122	yri	afr	XX
NA19123	yri	afr	XY
NA19127	yri	afr	XX
NA19128	yri	afr	XY
NA19129	yri	afr	XX
NA19130	yri	afr	XY
NA19131	yri	afr	XX
NA19132	yri	afr	XX
NA19137	yri	afr	XX
NA19138	yri	afr	XY
NA19139	yri	afr	XY
NA19140	yri	afr	XX
NA19141	yri	afr	XY
NA19142	yri	afr	XY
NA19143	yri	afr	XX
NA19144	yri	afr	XY
NA19145	yri	afr	XY
NA19146	yri	afr	XY
NA19147	yri	afr	XX
NA19148	yri	afr	XX
NA19149	yri	afr	XX
NA19150	yri	afr	XY
NA19151	yri	afr	XX
NA19152	yri	afr	XX
NA19153	yri	afr	XY
NA19154	yri	afr	XY
NA19159	yri	afr	XX
NA19160	yri	afr	XY
NA19161	yri	afr	XY
NA19171	yri	afr	XY
NA19172	yri	afr	XX
NA19173	yri	afr	XY
NA19174	yri	afr	XY
NA19175	yri	afr	XY
NA19177	yri	afr	XY
NA19185	yri	afr	XX
NA19186	yri	afr	XY
NA19197	yri	afr	XX
NA19198	yri	afr	XY
NA19199	yri	afr	XX
NA19200	yri	afr	XY
NA19201	yri	afr	XX
NA19202	yri	afr	XX
NA19203	yri	afr	XY
NA19204	yri	afr	XX
NA19205	yri	afr	XY
NA19206	yri	afr	XX
NA19207	yri	afr	XY
NA19208	yri	afr	XY
NA19209	yri	afr	XX
NA19210	yri	afr	XY
NA19211	yri	afr	XY
NA19213	yri	afr	XY
NA19214	yri	afr	XX
NA19215	yri	afr	XX
NA19221	yri	afr	XX
NA19222	yri	afr	XX
NA19223	yri	afr	XY
NA19224	yri	afr	XY
NA19225	yri	afr	XX
NA19235	yri	afr	XX
NA19236	yri	afr	XY
NA19237	yri	afr	XX
NA19240	yri	afr	XX
NA19247	yri	afr	XX
NA19248	yri	afr	XY
NA19249	yri	afr	XY
NA19256	yri	afr	XY
NA19257	yri	afr	XX
NA19258	yri	afr	XY
NA19309	lwk	afr	XY
NA19312	lwk	afr	XY
NA19315	lwk	afr	XX
NA19318	lwk	afr	XY
NA19320	lwk	afr	XX
NA19321	lwk	afr	XX
NA19323	lwk	afr	XX
NA19327	lwk	afr	XX
NA19331	lwk	afr	XY
NA19334	lwk	afr	XY
NA19338	lwk	afr	XX
NA19346	lwk	afr	XY
NA19347	lwk	afr	XY
NA19350	lwk	afr	XY
NA19351	lwk	afr	XX
NA19355	lwk	afr	XX
NA19360	lwk	afr	XY
NA19372	lwk	afr	XY
NA19375	lwk	afr	XY
NA19377	lwk	afr	XX
NA19378	lwk	afr	XX
NA19379	lwk	afr	XX
NA19380	lwk	afr	XY
NA19384	lwk	afr	XY
NA19385	lwk	afr	XY
NA19391	lwk	afr	XX
NA19393	lwk	afr	XY
NA19394	lwk	afr	XY
NA19397	lwk	afr	XY
NA19399	lwk	afr	XX
NA19401	lwk	afr	XX
NA19403	lwk	afr	XX
NA19404	lwk	afr	XX
NA19428	lwk	afr	XY
NA19429	lwk	afr	XY
NA19431	lwk	afr	XX
NA19434	lwk	afr	XX
NA19435	lwk	afr	XX
NA19436	lwk	afr	XX
NA19437	lwk	afr	XX
NA19438	lwk	afr	XX
NA19439	lwk	afr	XX
NA19440	lwk	afr	XX
NA19445	lwk	afr	XX
NA19446	lwk	afr	XX
NA19451	lwk	afr	XY
NA19454	lwk	afr	XY
NA19455	lwk	afr	XY
NA19456	lwk	afr	XX
NA19457	lwk	afr	XX
NA19461	lwk	afr	XY
NA19462	lwk	afr	XX
NA19463	lwk	afr	XX
NA19466	lwk	afr	XY
NA19467	lwk	afr	XX
NA19468	lwk	afr	XX
NA19473	lwk	afr	XX
NA19625	asw	amr	XX
NA19648	mxl	amr	XX
NA19649	mxl	amr	XY
NA19650	mxl	amr	XY
NA19651	mxl	amr	XX
NA19652	mxl	amr	XY
NA19653	mxl	amr	XX
NA19654	mxl	amr	XX
NA19655	mxl	amr	XY
NA19656	mxl	amr	XX
NA19657	mxl	amr	XX
NA19658	mxl	amr	XY
NA19659	mxl	amr	XX
NA19660	mxl	amr	XX
NA19661	mxl	amr	XY
NA19662	mxl	amr	XX
NA19663	mxl	amr	XX
NA19664	mxl	amr	XY
NA19665	mxl	amr	XX
NA19669	mxl	amr	XX
NA19670	mxl	amr	XY
NA19671	mxl	amr	XX
NA19675	mxl	amr	XX
NA19676	mxl	amr	XY
NA19677	mxl	amr	XX
NA19678	mxl	amr	XX
NA19679	mxl	amr	XY
NA19680	mxl	amr	XX
NA19681	mxl	amr	XX
NA19682	mxl	amr	XY
NA19683	mxl	amr	XX
NA19685	mxl	amr	XY
NA19686	mxl	amr	XX
NA19700	asw	afr	XY
NA19701	asw	afr	XX
NA19702	asw	afr	XY
NA19703	asw	afr	XY
NA19704	asw	afr	XX
NA19705	asw	afr	XY
NA19707	asw	afr	XX
NA19711	asw	afr	XY
NA19712	asw	afr	XX
NA19713	asw	afr	XX
NA19716	mxl	amr	XX
NA19717	mxl	amr	XY
NA19718	mxl	amr	XX
NA19719	mxl	amr	XX
NA19720	mxl	amr	XY
NA19721	mxl	amr	XX
NA19725	mxl	amr	XX
NA19726	mxl	amr	XY
NA19727	mxl	amr	XY
NA19728	mxl	amr	XX
NA19729	mxl	amr	XY
NA19730	mxl	amr	XX
NA19731	mxl	amr	XX
NA19732	mxl	amr	XY
NA19733	mxl	amr	XX
NA19734	mxl	amr	XX
NA19735	mxl	amr	XY
NA19740	mxl	amr	XX
NA19741	mxl	amr	XY
NA19746	mxl	amr	XX
NA19747	mxl	amr	XY
NA19748	mxl	amr	XX
NA19749	mxl	amr	XX
NA19750	mxl	amr	XY
NA19751	mxl	amr	XY
NA19752	mxl	amr	XX
NA19755	mxl	amr	XX
NA19756	mxl	amr	XY
NA19757	mxl	amr	XY
NA19758	mxl	amr	XX
NA19759	mxl	amr	XY
NA19760	mxl	amr	XX
NA19761	mxl	amr	XX
NA19762	mxl	amr	XY
NA19763	mxl	amr	XX
NA19764	mxl	amr	XX
NA19770	mxl	amr	XX
NA19771	mxl	amr	XY
NA19772	mxl	amr	XY
NA19773	mxl	amr	XX
NA19774	mxl	amr	XY
NA19775	mxl	amr	XX
NA19776	mxl	amr	XX
NA19777	mxl	amr	XY
NA19778	mxl	amr	XY
NA19782	mxl	amr	XX
NA19783	mxl	amr	XY
NA19784	mxl	amr	XY
NA19785	mxl	amr	XX
NA19786	mxl	amr	XY
NA19787	mxl	amr	XY
NA19788	mxl	amr	XX
NA19789	mxl	amr	XY
NA19790	mxl	amr	XX
NA19792	mxl	amr	XY
NA19794	mxl	amr	XX
NA19795	mxl	amr	XY
NA19796	mxl	amr	XY
NA19834	asw	afr	XY
NA19835	asw	afr	XX
NA19836	asw	afr	XX
NA19900	asw	afr	XY
NA19901	asw	afr	XX
NA19902	asw	afr	XX
NA19904	asw	afr	XY
NA19908	asw	afr	XY
NA19909	asw	afr	XX
NA19913	asw	afr	XX
NA19914	asw	afr	XX
NA19919	asw	afr	XY
NA19920	asw	afr	XY
NA19921	asw	oth	XX
NA19922	asw	afr	XY
NA19923	asw	afr	XX
NA19924	asw	afr	XX
NA19982	asw	afr	XY
NA19983	asw	afr	XX
NA19984	asw	afr	XY
NA20126	asw	afr	XY
NA20127	asw	afr	XX
NA20128	asw	afr	XX
NA20129	asw	afr	XX
NA20276	asw	afr	XX
NA20279	asw	afr	XY
NA20281	asw	afr	XY
NA20282	asw	afr	XX
NA20287	asw	afr	XX
NA20289	asw	afr	XX
NA20291	asw	afr	XY
NA20294	asw	afr	XX
NA20296	asw	afr	XX
NA20298	asw	afr	XY
NA20314	asw	amr	XX
NA20317	asw	afr	XX
NA20318	asw	afr	XY
NA20320	asw	afr	XX
NA20321	asw	afr	XX
NA20332	asw	afr	XX
NA20334	asw	afr	XX
NA20339	asw	afr	XX
NA20340	asw	afr	XY
NA20342	asw	afr	XY
NA20346	asw	afr	XY
NA20348	asw	afr	XY
NA20351	asw	afr	XY
NA20355	asw	afr	XX
NA20356	asw	afr	XY
NA20357	asw	afr	XX
NA20358	asw	afr	XY
NA20359	asw	afr	XX
NA20362	asw	afr	XY
NA20412	asw	afr	XX
NA20502	tsi	nfe	XX
NA20503	tsi	nfe	XX
NA20504	tsi	nfe	XX
NA20505	tsi	nfe	XX
NA20507	tsi	nfe	XX
NA20508	tsi	nfe	XX
NA20509	tsi	nfe	XY
NA20510	tsi	nfe	XY
NA20511	tsi	nfe	XY
NA20512	tsi	nfe	XY
NA20513	tsi	nfe	XY
NA20514	tsi	nfe	XX
NA20515	tsi	nfe	XY
NA20516	tsi	nfe	XY
NA20517	tsi	nfe	XX
NA20518	tsi	nfe	XY
NA20519	tsi	nfe	XY
NA20520	tsi	nfe	XY
NA20521	tsi	nfe	XY
NA20522	tsi	nfe	XX
NA20524	tsi	nfe	XY
NA20525	tsi	nfe	XY
NA20527	tsi	nfe	XY
NA20528	tsi	nfe	XY
NA20529	tsi	nfe	XX
NA20531	tsi	nfe	XX
NA20532	tsi	nfe	XY
NA20534	tsi	nfe	XY
NA20535	tsi	nfe	XX
NA20536	tsi	nfe	XY
NA20538	tsi	nfe	XY
NA20539	tsi	nfe	XY
NA20540	tsi	nfe	XX
NA20541	tsi	nfe	XX
NA20542	tsi	nfe	XX
NA20543	tsi	nfe	XY
NA20544	tsi	nfe	XY
NA20581	tsi	nfe	XY
NA20582	tsi	nfe	XX
NA20585	tsi	nfe	XX
NA20586	tsi	nfe	XY
NA20587	tsi	nfe	XX
NA20588	tsi	nfe	XY
NA20589	tsi	nfe	XX
NA20752	tsi	nfe	XY
NA20753	tsi	nfe	XX
NA20754	tsi	nfe	XY
NA20755	tsi	nfe	XY
NA20756	tsi	nfe	XX
NA20757	tsi	nfe	XX
NA20758	tsi	nfe	XY
NA20759	tsi	nfe	XY
NA20760	tsi	nfe	XX
NA20761	tsi	nfe	XX
NA20762	tsi	nfe	XY
NA20763	tsi	nfe	XY
NA20764	tsi	nfe	XX
NA20765	tsi	nfe	XY
NA20766	tsi	nfe	XX
NA20767	tsi	nfe	XY
NA20768	tsi	nfe	XX
NA20769	tsi	nfe	XX
NA20770	tsi	nfe	XY
NA20771	tsi	nfe	XX
NA20772	tsi	nfe	XX
NA20773	tsi	nfe	XX
NA20774	tsi	nfe	XX
NA20775	tsi	nfe	XX
NA20778	tsi	nfe	XY
NA20783	tsi	nfe	XY
NA20785	tsi	nfe	XY
NA20786	tsi	nfe	XX
NA20787	tsi	nfe	XY
NA20790	tsi	nfe	XX
NA20792	tsi	nfe	XY
NA20795	tsi	nfe	XX
NA20796	tsi	nfe	XY
NA20797	tsi	nfe	XX
NA20798	tsi	nfe	XY
NA20799	tsi	nfe	XX
NA20800	tsi	nfe	XX
NA20801	tsi	nfe	XY
NA20802	tsi	nfe	XX
NA20803	tsi	nfe	XY
NA20804	tsi	nfe	XX
NA20805	tsi	nfe	XY
NA20806	tsi	nfe	XY
NA20807	tsi	nfe	XX
NA20808	tsi	nfe	XX
NA20809	tsi	nfe	XY
NA20810	tsi	nfe	XY
NA20811	tsi	nfe	XY
NA20812	tsi	nfe	XY
NA20813	tsi	nfe	XX
NA20814	tsi	nfe	XY
NA20815	tsi	nfe	XY
NA20818	tsi	nfe	XX
NA20819	tsi	nfe	XX
NA20821	tsi	nfe	XX
NA20822	tsi	nfe	XX
NA20826	tsi	nfe	XX
NA20827	tsi	nfe	XY
NA20828	tsi	nfe	XX
NA20845	gih	sas	XY
NA20846	gih	sas	XY
NA20847	gih	sas	XX
NA20849	gih	sas	XX
NA20850	gih	sas	XY
NA20851	gih	sas	XX
NA20852	gih	sas	XY
NA20853	gih	sas	XX
NA20854	gih	sas	XX
NA20856	gih	sas	XX
NA20858	gih	sas	XY
NA20859	gih	sas	XX
NA20861	gih	sas	XY
NA20862	gih	sas	XX
NA20863	gih	sas	XY
NA20864	gih	sas	XY
NA20866	gih	sas	XY
NA20867	gih	sas	XY
NA20868	gih	sas	XX
NA20869	gih	sas	XX
NA20870	gih	sas	XY
NA20872	gih	sas	XX
NA20874	gih	sas	XX
NA20875	gih	sas	XX
NA20876	gih	sas	XX
NA20877	gih	sas	XX
NA20878	gih	sas	XX
NA20881	gih	sas	XX
NA20882	gih	sas	XX
NA20884	gih	sas	XY
NA20885	gih	sas	XY
NA20886	gih	sas	XX
NA20887	gih	sas	XY
NA20888	gih	sas	XX
NA20889	gih	sas	XY
NA20890	gih	sas	XY
NA20891	gih	sas	XY
NA20892	gih	sas	XX
NA20894	gih	sas	XX
NA20895	gih	sas	XY
NA20896	gih	sas	XX
NA20897	gih	sas	XY
NA20899	gih	sas	XX
NA20900	gih	sas	XX
NA20901	gih	sas	XY
NA20902	gih	sas	XX
NA20903	gih	sas	XY
NA20904	gih	sas	XY
NA20905	gih	sas	XY
NA20906	gih	sas	XX
NA20908	gih	sas	XX
NA20910	gih	sas	XX
NA20911	gih	sas	XY
NA21086	gih	sas	XX
NA21087	gih	sas	XY
NA21088	gih	sas	XX
NA21089	gih	sas	XX
NA21090	gih	sas	XY
NA21091	gih	sas	XY
NA21092	gih	sas	XY
NA21093	gih	sas	XY
NA21094	gih	sas	XY
NA21095	gih	sas	XY
NA21097	gih	sas	XX
NA21098	gih	sas	XY
NA21099	gih	sas	XY
NA21100	gih	sas	XY
NA21101	gih	sas	XX
NA21102	gih	sas	XX
NA21103	gih	sas	XX
NA21104	gih	sas	XY
NA21105	gih	sas	XY
NA21106	gih	sas	XX
NA21107	gih	sas	XY
NA21108	gih	sas	XX
NA21109	gih	sas	XY
NA21110	gih	sas	XX
NA21111	gih	sas	XY
NA21112	gih	sas	XY
NA21113	gih	sas	XY
NA21114	gih	sas	XY
NA21115	gih	sas	XY
NA21116	gih	sas	XY
NA21117	gih	sas	XY
NA21118	gih	sas	XY
NA21119	gih	sas	XY
NA21120	gih	sas	XX
NA21122	gih	sas	XX
NA21123	gih	sas	XY
NA21124	gih	sas	XY
NA21125	gih	sas	XX
NA21126	gih	sas	XY
NA21127	gih	sas	XY
NA21128	gih	sas	XY
NA21129	gih	sas	XY
NA21130	gih	sas	XY
NA21133	gih	sas	XY
NA21135	gih	sas	XY
NA21137	gih	sas	XX
NA21141	gih	sas	XX
NA21142	gih	sas	XX
NA21143	gih	sas	XX
NA21144	gih	sas	XX
SS6004468	french	nfe	XY
SS6004470	mandenka	afr	XY
SS6004475	yoruba	afr	XY
SS6004476	karitiana	amr	XY
v3.1::HG00403	chs	eas	XY
v3.1::HG00405	chs	eas	XX
v3.1::HG00451	chs	eas	XY
v3.1::HG00452	chs	eas	XX
v3.1::HG00453	chs	eas	XX
v3.1::HG00512	chs	eas	XY
v3.1::HG00513	chs	eas	XX
v3.1::HG00514	chs	eas	XX
v3.1::HG00731	pur	amr	XY
v3.1::HG00732	pur	amr	XX
v3.1::HG00733	pur	amr	XX
v3.1::HG00736	pur	amr	XY
v3.1::HG00737	pur	amr	XX
v3.1::HG00738	pur	amr	XY
v3.1::HG01136	clm	amr	XY
v3.1::HG01138	clm	amr	XY
v3.1::HG01350	clm	amr	XY
v3.1::HG01351	clm	amr	XX
v3.1::HG01352	clm	amr	XX
v3.1::HG01776	ibs	nfe	XX
v3.1::HG01777	ibs	nfe	XY
v3.1::HG01778	ibs	nfe	XY
v3.1::HG01889	acb	afr	XX
v3.1::HG01890	acb	afr	XY
v3.1::HG01891	acb	afr	XX
v3.1::HG01917	pel	amr	XY
v3.1::HG01918	pel	amr	XX
v3.1::HG01919	pel	amr	XX
v3.1::HG02059	khv	eas	XX
v3.1::HG02060	khv	eas	XX
v3.1::HG02061	khv	eas	XY
v3.1::HG02068	khv	eas	XX
v3.1::HG02069	khv	eas	XX
v3.1::HG02070	khv	eas	XY
v3.1::HG02232	ibs	nfe	XX
v3.1::HG02233	ibs	nfe	XY
v3.1::HG02234	ibs	nfe	XY
v3.1::HG02259	pel	amr	XY
v3.1::HG02260	pel	amr	XX
v3.1::HG02261	pel	amr	XY
v3.1::HG02449	acb	afr	XY
v3.1::HG02450	acb	afr	XX
v3.1::HG02451	acb	afr	XX
v3.1::HG02657	pjl	sas	XY
v3.1::HG02658	pjl	sas	XX
v3.1::HG02659	pjl	sas	XX
v3.1::HG02816	gwd	afr	XY
v3.1::HG02817	gwd	afr	XX
v3.1::HG02818	gwd	afr	XX
v3.1::HG03240	gwd	afr	XY
v3.1::HG03241	gwd	afr	XX
v3.1::HG03242	gwd	afr	XY
v3.1::HG03300	esn	afr	XX
v3.1::HG03301	esn	afr	XY
v3.1::HG03302	esn	afr	XY
v3.1::HG03451	msl	afr	XY
v3.1::HG03452	msl	afr	XX
v3.1::HG03453	msl	afr	XX
v3.1::HG03484	msl	afr	XY
v3.1::HG03485	msl	afr	XX
v3.1::HG03486	msl	afr	XX
v3.1::HG03517	esn	afr	XX
v3.1::HG03518	esn	afr	XY
v3.1::HG03519	esn	afr	XY
v3.1::HG03624	pjl	sas	XY
v3.1::HG03625	pjl	sas	XX
v3.1::HG03626	pjl	sas	XX
v3.1::HG03688	stu	sas	XY
v3.1::HG03719	itu	sas	XX
v3.1::HG03722	itu	sas	XX
v3.1::HG03725	itu	sas	XY
v3.1::HG03814	beb	sas	XX
v3.1::HG03815	beb	sas	XY
v3.1::HG03816	beb	sas	XX
v3.1::HG03823	beb	sas	XX
v3.1::HG03825	beb	sas	XX
v3.1::HG03885	stu	sas	XY
v3.1::HG03886	stu	sas	XX
v3.1::HG03943	stu	sas	XY
v3.1::HG03944	stu	sas	XX
v3.1::HG03992	stu	sas	XY
v3.1::HG04198	itu	sas	XY
v3.1::HG04200	itu	sas	XX
v3.1::HG04217	itu	sas	XX
v3.1::NA12878	ceu	nfe	XX
v3.1::NA12891	ceu	nfe	XY
v3.1::NA19189	yri	afr	XY
v3.1::NA19190	yri	afr	XX
v3.1::NA19191	yri	afr	XY
v3.1::NA19238	yri	afr	XX
v3.1::NA19239	yri	afr	XY
v3.1::NA19722	mxl	amr	XX
v3.1::NA19723	mxl	amr	XY
v3.1::NA19724	mxl	amr	XY
v3.1::NA19779	mxl	amr	XX
v3.1::NA19780	mxl	amr	XY
v3.1::NA19781	mxl	amr	XX
v3.1::NA19818	asw	afr	XY
v3.1::NA19819	asw	afr	XX
v3.1::NA19828	asw	afr	XY
v3.1::NA19916	asw	afr	XY
v3.1::NA19917	asw	afr	XX
v3.1::NA19918	asw	afr	XY
